{"stats":{"minecraft:killed":{"luminousworld:miner_zombie":1,"born_in_chaos_v1:fallen_chaos_knight":1,"born_in_chaos_v1:skeleton_demoman":1,"born_in_chaos_v1:scarlet_persecutor":2,"born_in_chaos_v1:maggot":3,"minecraft:sheep":4,"minecraft:skeleton":1,"minecraft:zombie":1,"born_in_chaos_v1:dread_hound":1},"minecraft:killed_by":{"born_in_chaos_v1:scarlet_persecutor":2},"minecraft:mined":{"luminousworld:groundpebbles_1":1,"luminousworld:savannah_soil":4,"minecraft:white_bed":4,"iceandfire:silver_ore":1,"minecraft:melon_stem":1,"minecraft:crafting_table":4,"minecraft:torch":1,"luminousworld:savannah_grass_1":1,"minecraft:acacia_log":5,"minecraft:copper_ore":4,"minecraft:tall_grass":2,"minecraft:lapis_ore":8,"minecraft:sugar_cane":2,"minecraft:diorite":7,"minecraft:sandstone":10,"luminousworld:savanna_grass_2":2,"minecraft:hay_block":14,"minecraft:furnace":1,"minecraft:iron_ore":40,"minecraft:wheat":57,"luminousworld:bao_bob_log":1,"minecraft:coal_ore":21,"minecraft:deepslate_iron_ore":1,"minecraft:dirt_path":1,"minecraft:sand":2,"minecraft:dripstone_block":2,"minecraft:acacia_fence":1,"minecraft:dirt":4,"minecraft:stone":80,"luminousworld:elephant_grass":1,"luminousworld:savannah_grass_4":1,"luminousworld:savannah_ground":2},"minecraft:used":{"minecraft:cooked_mutton":1,"minecraft:water_bucket":10,"minecraft:diorite":7,"minecraft:stone_sword":85,"minecraft:stone_pickaxe":131,"minecraft:wooden_pickaxe":45,"minecraft:shield":10,"luminousworld:bao_bob_log":1,"luminousworld:savannah_ground":1,"minecraft:torch":3,"minecraft:dirt":5,"minecraft:crafting_table":5,"minecraft:white_bed":3,"minecraft:dripstone_block":2,"minecraft:granite":1,"minecraft:bread":22,"minecraft:stone_axe":4,"minecraft:cobblestone":25,"luminousworld:savannah_soil":3,"minecraft:furnace":1,"minecraft:acacia_fence":1,"minecraft:bucket":10,"minecraft:acacia_planks":3},"minecraft:crafted":{"minecraft:crafting_table":2,"minecraft:wooden_pickaxe":1,"minecraft:furnace":1,"minecraft:stone_axe":1,"minecraft:bread":23,"minecraft:cooked_mutton":5,"minecraft:air":0,"minecraft:shield":1,"minecraft:stick":8,"minecraft:iron_ingot":8,"minecraft:stone_pickaxe":1,"minecraft:stone_sword":1,"minecraft:acacia_planks":20,"minecraft:torch":4,"luminousworld:baobab_plank":8,"minecraft:wheat":126},"minecraft:custom":{"minecraft:interact_with_furnace":15,"minecraft:mob_kills":15,"minecraft:interact_with_crafting_table":8,"minecraft:damage_dealt_resisted":30,"minecraft:leave_game":4,"minecraft:time_since_death":7913,"minecraft:sleep_in_bed":2,"minecraft:time_since_rest":7424,"minecraft:sprint_one_cm":91909,"minecraft:damage_taken":1672,"minecraft:walk_one_cm":166912,"minecraft:damage_blocked_by_shield":315,"minecraft:drop":19,"minecraft:damage_dealt":2891,"minecraft:swim_one_cm":1301,"minecraft:fly_one_cm":210411,"minecraft:open_chest":3,"minecraft:crouch_one_cm":2737,"minecraft:play_time":77669,"tombstone:undead_killed":5,"minecraft:deaths":2,"minecraft:sneak_time":987,"minecraft:walk_under_water_one_cm":3671,"minecraft:jump":1173,"minecraft:walk_on_water_one_cm":2959,"minecraft:total_world_time":77669,"minecraft:fall_one_cm":28277},"minecraft:broken":{"minecraft:stone_pickaxe":1},"minecraft:picked_up":{"born_in_chaos_v1:corpse_maggot":2,"minecraft:crafting_table":4,"luminousworld:savannah_ground":2,"minecraft:wheat":51,"minecraft:water_bucket":1,"minecraft:wooden_pickaxe":1,"luminousworld:bao_bob_wood":2,"minecraft:gunpowder":2,"minecraft:lapis_lazuli":58,"minecraft:dirt":5,"minecraft:raw_copper":16,"born_in_chaos_v1:monster_skin":3,"minecraft:bone":3,"minecraft:wheat_seeds":126,"minecraft:stone_pickaxe":1,"born_in_chaos_v1:gnawed_bones":2,"minecraft:sugar_cane":1,"minecraft:furnace":1,"luminousworld:bao_bab_sapling":1,"minecraft:raw_iron":40,"minecraft:sandstone":10,"minecraft:acacia_fence":1,"minecraft:sand":2,"minecraft:torch":2,"born_in_chaos_v1:ethereal_spirit":3,"minecraft:acacia_log":5,"minecraft:dripstone_block":4,"luminousworld:savannah_soil":5,"born_in_chaos_v1:dark_rod":1,"minecraft:diorite":11,"minecraft:white_bed":3,"tombstone:lollipop":2,"minecraft:stone_sword":1,"minecraft:stone_axe":1,"minecraft:hay_block":14,"minecraft:granite":1,"luminousworld:bao_bob_log":3,"minecraft:black_wool":1,"minecraft:mutton":7,"minecraft:coal":20,"minecraft:white_wool":3,"iceandfire:raw_silver":1,"minecraft:cobblestone":83},"minecraft:dropped":{"iceandfire:raw_silver":1,"minecraft:sugar_cane":1,"minecraft:wheat_seeds":126,"luminousworld:bao_bab_sapling":1,"alexsmobs:animal_dictionary":1,"luminousworld:savannah_soil":1,"born_in_chaos_v1:gnawed_bones":2,"minecraft:gunpowder":2,"luminousworld:bao_bob_wood":1,"iceandfire:rotten_egg":1,"born_in_chaos_v1:monster_skin":2,"luminousworld:savannah_ground":1,"minecraft:wooden_pickaxe":1,"minecraft:stone_pickaxe":1,"minecraft:black_wool":1,"tombstone:lollipop":2}},"DataVersion":3465}