{"stats":{"minecraft:crafted":{"minecraft:oak_planks":16,"minecraft:furnace":1,"minecraft:cooked_mutton":5,"quark:acacia_chest":1,"minecraft:diamond_helmet":1,"minecraft:diamond_leggings":1,"minecraft:iron_axe":1,"minecraft:stone_pickaxe":1,"minecraft:diamond_boots":1,"minecraft:wheat":126,"minecraft:diamond_sword":1,"sophisticatedbackpacks:backpack":1,"minecraft:diamond_axe":1,"minecraft:crafting_table":5,"minecraft:wooden_pickaxe":1,"minecraft:iron_sword":1,"minecraft:bucket":1,"minecraft:stone_axe":1,"minecraft:bread":59,"minecraft:air":0,"minecraft:diamond_pickaxe":1,"minecraft:shield":2,"minecraft:stick":48,"minecraft:iron_ingot":40,"minecraft:iron_pickaxe":1,"minecraft:stone_sword":1,"minecraft:white_bed":1,"minecraft:acacia_planks":48,"minecraft:torch":36,"luminousworld:baobab_plank":8,"minecraft:diamond_chestplate":1},"minecraft:killed_by":{"undead_revamp2:sucker":1,"minecraft:player":1,"minecraft:wither_skeleton":10,"mowziesmobs:umvuthi":1,"born_in_chaos_v1:decaying_zombie":1,"iceandfire:gorgon":1,"minecraft:hoglin":4,"born_in_chaos_v1:scarlet_persecutor":2},"minecraft:mined":{"luminousworld:groundpebbles_1":1,"minecraft:spruce_planks":18,"minecraft:white_bed":8,"iceandfire:silver_ore":4,"minecraft:acacia_log":12,"minecraft:spruce_fence":1,"minecraft:birch_slab":5,"minecraft:sandstone":12,"luminousworld:savanna_grass_2":6,"minecraft:chiseled_stone_bricks":1,"minecraft:spawner":6,"minecraft:hay_block":14,"minecraft:furnace":1,"minecraft:iron_ore":40,"minecraft:azure_bluet":1,"minecraft:bookshelf":17,"minecraft:deepslate_iron_ore":1,"minecraft:dirt_path":1,"minecraft:stone":114,"luminousworld:savannah_soil":8,"minecraft:melon_stem":1,"minecraft:crafting_table":7,"minecraft:torch":2,"luminousworld:savannah_grass_1":1,"minecraft:copper_ore":4,"minecraft:tall_grass":3,"minecraft:lapis_ore":8,"minecraft:oak_planks":23,"minecraft:sugar_cane":2,"minecraft:diorite":7,"minecraft:skeleton_skull":1,"minecraft:spruce_stairs":1,"minecraft:wheat":57,"luminousworld:bao_bob_log":1,"minecraft:tnt":1,"minecraft:yellow_bed":1,"minecraft:grass":2,"minecraft:coal_ore":44,"minecraft:oak_log":6,"minecraft:sand":2,"minecraft:acacia_fence":1,"minecraft:dripstone_block":2,"minecraft:dirt":4,"minecraft:cobweb":48,"minecraft:acacia_planks":2,"minecraft:stripped_acacia_wood":9,"minecraft:stone_bricks":1,"luminousworld:elephant_grass":1,"luminousworld:savannah_grass_4":3,"minecraft:oak_leaves":5,"luminousworld:savannah_ground":6},"minecraft:used":{"minecraft:stripped_acacia_wood":8,"minecraft:stone_sword":145,"minecraft:spruce_planks":7,"minecraft:shield":72,"minecraft:iron_sword":89,"tombstone:lollipop":1,"luminousworld:bao_bob_log":1,"luminousworld:savannah_ground":2,"minecraft:torch":7,"minecraft:dirt":5,"minecraft:granite":1,"born_in_chaos_v1:corpse_maggot":4,"minecraft:iron_axe":4,"supplementaries:bomb_blue":1,"minecraft:golden_sword":30,"minecraft:golden_carrot":6,"luminousworld:savannah_soil":5,"minecraft:furnace":2,"minecraft:acacia_fence":1,"tombstone:gift":6,"minecraft:acacia_planks":49,"minecraft:cooked_mutton":5,"minecraft:water_bucket":45,"minecraft:diorite":7,"minecraft:stone_pickaxe":131,"minecraft:oak_planks":60,"minecraft:wooden_pickaxe":47,"minecraft:sandstone":11,"minecraft:diamond_axe":28,"minecraft:golden_apple":4,"minecraft:sand":7,"minecraft:crafting_table":11,"supplementaries:bomb":2,"minecraft:white_bed":7,"minecraft:dripstone_block":4,"minecraft:diamond_pickaxe":66,"minecraft:iron_pickaxe":3,"minecraft:bread":54,"minecraft:birch_slab":5,"tombstone:grave_key":8,"minecraft:stone_axe":72,"minecraft:diamond_sword":250,"minecraft:cobblestone":84,"minecraft:cooked_porkchop":17,"minecraft:bucket":45,"minecraft:yellow_bed":1,"minecraft:cobweb":10},"minecraft:broken":{"minecraft:diamond_chestplate":1,"minecraft:diamond_helmet":1,"minecraft:stone_sword":1,"minecraft:diamond_leggings":1,"minecraft:stone_pickaxe":1,"minecraft:diamond_boots":1,"minecraft:shield":1},"minecraft:picked_up":{"minecraft:iron_chestplate":1,"minecraft:crafting_table":7,"minecraft:wheat":51,"iceandfire:witherbone":4,"minecraft:wooden_pickaxe":1,"luminousworld:bao_bob_wood":2,"tombstone:grave_key":1,"minecraft:string":45,"minecraft:raw_copper":16,"minecraft:iron_axe":1,"minecraft:iron_leggings":1,"minecraft:red_sand":4,"minecraft:spruce_planks":18,"minecraft:beef":4,"born_in_chaos_v1:gnawed_bones":2,"minecraft:iron_boots":1,"minecraft:sugar_cane":1,"minecraft:furnace":1,"luminousworld:bao_bab_sapling":1,"minecraft:stick":1,"minecraft:raw_iron":40,"minecraft:sandstone":11,"minecraft:acacia_fence":1,"minecraft:copper_ingot":2,"minecraft:torch":3,"minecraft:acacia_log":11,"minecraft:spruce_fence":1,"luminousworld:savannah_soil":9,"minecraft:porkchop":4,"tombstone:grave_dust":6,"minecraft:diorite":11,"born_in_chaos_v1:pieceofdarkmetal":1,"tombstone:lollipop":5,"minecraft:stone_sword":1,"minecraft:arrow":2,"minecraft:rotten_flesh":26,"minecraft:hay_block":14,"minecraft:saddle":1,"supplementaries:ash":12,"minecraft:mutton":7,"minecraft:skeleton_skull":1,"minecraft:white_wool":3,"minecraft:cobblestone":126,"born_in_chaos_v1:corpse_maggot":7,"luminousworld:savannah_ground":6,"born_in_chaos_v1:monster_flesh":1,"minecraft:birch_slab":5,"minecraft:water_bucket":1,"minecraft:leather":7,"minecraft:oak_log":5,"minecraft:yellow_bed":1,"minecraft:gunpowder":2,"minecraft:lapis_lazuli":58,"minecraft:dirt":8,"minecraft:white_banner":1,"born_in_chaos_v1:monster_skin":3,"minecraft:bone":13,"minecraft:acacia_planks":31,"minecraft:stone_bricks":1,"minecraft:bow":1,"minecraft:wheat_seeds":254,"minecraft:iron_ingot":1,"minecraft:stone_pickaxe":1,"minecraft:diamond_helmet":1,"mowziesmobs:umvuthana_mask_misery":1,"minecraft:iron_sword":2,"minecraft:oak_planks":63,"minecraft:book":51,"minecraft:cooked_porkchop":9,"born_in_chaos_v1:ethereal_spirit":6,"minecraft:stripped_acacia_wood":9,"minecraft:dripstone_block":4,"minecraft:sand":28,"born_in_chaos_v1:dark_rod":1,"minecraft:white_bed":6,"minecraft:spider_eye":1,"minecraft:bundle":2,"alexsmobs:guster_eye":2,"minecraft:diamond":25,"minecraft:spruce_boat":1,"minecraft:stone_axe":1,"minecraft:iron_helmet":1,"minecraft:granite":1,"minecraft:bread":12,"minecraft:emerald":2,"tombstone:magic_scroll":1,"minecraft:oak_sapling":1,"luminousworld:bao_bob_log":3,"minecraft:black_wool":1,"minecraft:coal":51,"iceandfire:raw_silver":4},"minecraft:dropped":{"minecraft:iron_sword":2,"iceandfire:raw_silver":1,"minecraft:porkchop":4,"minecraft:wheat_seeds":190,"minecraft:oak_log":1,"born_in_chaos_v1:pieceofdarkmetal":1,"minecraft:coal":2,"born_in_chaos_v1:monster_flesh":1,"minecraft:dirt":3,"born_in_chaos_v1:gnawed_bones":2,"luminousworld:bao_bob_wood":2,"born_in_chaos_v1:monster_skin":2,"tombstone:grave_key":1,"luminousworld:savannah_ground":4,"minecraft:diamond_helmet":2,"tombstone:grave_dust":7,"minecraft:pumpkin":2,"minecraft:white_banner":1,"minecraft:sand":21,"minecraft:acacia_planks":1,"tombstone:lollipop":4,"minecraft:sugar_cane":1,"luminousworld:bao_bab_sapling":1,"alexsmobs:animal_dictionary":1,"born_in_chaos_v1:ethereal_spirit":3,"minecraft:rotten_flesh":22,"luminousworld:savannah_soil":2,"minecraft:spruce_fence":1,"minecraft:gunpowder":2,"iceandfire:rotten_egg":1,"minecraft:bundle":2,"born_in_chaos_v1:corpse_maggot":3,"alexsmobs:guster_eye":2,"minecraft:golden_sword":1,"minecraft:spider_eye":1,"minecraft:stone_bricks":1,"minecraft:red_sand":4,"minecraft:wooden_pickaxe":2,"minecraft:stone_pickaxe":1,"minecraft:black_wool":1},"minecraft:custom":{"minecraft:mob_kills":73,"minecraft:interact_with_crafting_table":23,"minecraft:open_barrel":10,"minecraft:damage_dealt_resisted":1437,"minecraft:leave_game":8,"minecraft:time_since_death":2910,"minecraft:climb_one_cm":6141,"minecraft:sprint_one_cm":364347,"minecraft:walk_one_cm":488233,"minecraft:damage_blocked_by_shield":2147483647,"minecraft:drop":68,"tombstone:eaten_lollipop":1,"minecraft:play_time":213916,"minecraft:sneak_time":4189,"minecraft:deaths":22,"minecraft:walk_under_water_one_cm":18310,"minecraft:boat_one_cm":49681,"minecraft:jump":4673,"minecraft:walk_on_water_one_cm":48663,"minecraft:total_world_time":213916,"minecraft:interact_with_furnace":21,"tombstone:raider_killed":7,"minecraft:sleep_in_bed":5,"minecraft:time_since_rest":2704,"minecraft:damage_taken":2147483647,"minecraft:damage_absorbed":160,"minecraft:trigger_trapped_chest":2,"minecraft:damage_dealt":18056,"tombstone:cast_on_ally":1,"minecraft:swim_one_cm":49662,"minecraft:fly_one_cm":992765,"minecraft:open_chest":31,"minecraft:crouch_one_cm":10197,"tombstone:undead_killed":27,"minecraft:fall_one_cm":135533},"minecraft:killed":{"luminousworld:miner_zombie":1,"naturalist:rattlesnake":1,"minecraft:vex":1,"born_in_chaos_v1:restless_spirit":1,"born_in_chaos_v1:skeleton_demoman":1,"minecraft:spider":2,"minecraft:vindicator":3,"illagerinvasion:marauder":1,"undead_revamp2:thesmoker":1,"enemyexpansion:direwolf":1,"illagerinvasion:basher":1,"born_in_chaos_v1:scarlet_persecutor":2,"born_in_chaos_v1:maggot":5,"minecraft:skeleton":2,"mowziesmobs:umvuthana_crane":1,"illagerinvasion:provoker":2,"born_in_chaos_v1:skeleton_thrasher":1,"luminousworld:savannah_zombie":2,"mowziesmobs:umvuthana":5,"born_in_chaos_v1:fallen_chaos_knight":1,"minecraft:husk":1,"alexsmobs:guster":4,"born_in_chaos_v1:dread_hound_not_despawn":2,"undead_revamp2:thebeartamer":1,"minecraft:hoglin":2,"born_in_chaos_v1:decrepit_skeleton":3,"minecraft:sheep":4,"luminousworld:savannah_skeleton":1,"minecraft:zombie":3,"born_in_chaos_v1:dread_hound":1,"iceandfire:ghost":4,"born_in_chaos_v1:corpse_fly":2,"born_in_chaos_v1:door_knight":1,"minecraft:wither_skeleton":4,"minecraft:cow":2}},"DataVersion":3465}