{"stats":{"minecraft:dropped":{"iceandfire:raw_silver":1,"minecraft:wheat_seeds":126,"born_in_chaos_v1:gnawed_bones":2,"luminousworld:bao_bob_wood":2,"born_in_chaos_v1:monster_skin":2,"luminousworld:savannah_ground":1,"tombstone:lollipop":2,"minecraft:sugar_cane":1,"luminousworld:bao_bab_sapling":1,"alexsmobs:animal_dictionary":1,"luminousworld:savannah_soil":2,"minecraft:gunpowder":2,"iceandfire:rotten_egg":1,"minecraft:stone_pickaxe":1,"minecraft:wooden_pickaxe":1,"minecraft:black_wool":1},"minecraft:killed":{"luminousworld:miner_zombie":1,"born_in_chaos_v1:skeleton_demoman":1,"minecraft:spider":1,"born_in_chaos_v1:maggot":5,"born_in_chaos_v1:scarlet_persecutor":2,"minecraft:skeleton":1,"born_in_chaos_v1:fallen_chaos_knight":1,"minecraft:sheep":4,"minecraft:zombie":2,"born_in_chaos_v1:dread_hound":1,"born_in_chaos_v1:door_knight":1,"minecraft:cow":2},"minecraft:crafted":{"minecraft:oak_planks":16,"minecraft:furnace":1,"minecraft:cooked_mutton":5,"quark:acacia_chest":1,"minecraft:stone_pickaxe":1,"minecraft:wheat":126,"sophisticatedbackpacks:backpack":1,"minecraft:crafting_table":2,"minecraft:wooden_pickaxe":1,"minecraft:stone_axe":1,"minecraft:bread":59,"minecraft:air":0,"minecraft:shield":1,"minecraft:stick":8,"minecraft:iron_ingot":8,"minecraft:stone_sword":1,"minecraft:white_bed":1,"minecraft:acacia_planks":44,"minecraft:torch":4,"luminousworld:baobab_plank":8},"minecraft:custom":{"minecraft:mob_kills":22,"minecraft:interact_with_crafting_table":15,"minecraft:damage_dealt_resisted":581,"minecraft:leave_game":4,"minecraft:time_since_death":37120,"minecraft:sprint_one_cm":142665,"minecraft:walk_one_cm":219620,"minecraft:damage_blocked_by_shield":415,"minecraft:drop":21,"minecraft:play_time":106876,"minecraft:deaths":2,"minecraft:sneak_time":3176,"minecraft:walk_under_water_one_cm":4255,"minecraft:jump":1893,"minecraft:walk_on_water_one_cm":5187,"minecraft:total_world_time":106876,"minecraft:interact_with_furnace":15,"minecraft:sleep_in_bed":4,"minecraft:time_since_rest":9334,"minecraft:damage_taken":2092,"minecraft:damage_dealt":4056,"minecraft:swim_one_cm":1906,"minecraft:fly_one_cm":341770,"minecraft:open_chest":8,"minecraft:crouch_one_cm":7953,"tombstone:undead_killed":7,"minecraft:fall_one_cm":40658},"minecraft:mined":{"luminousworld:groundpebbles_1":1,"minecraft:spruce_planks":18,"minecraft:white_bed":5,"iceandfire:silver_ore":1,"minecraft:acacia_log":12,"minecraft:sandstone":12,"luminousworld:savanna_grass_2":3,"minecraft:hay_block":14,"minecraft:furnace":1,"minecraft:iron_ore":40,"minecraft:azure_bluet":1,"minecraft:dirt_path":1,"minecraft:deepslate_iron_ore":1,"minecraft:stone":80,"luminousworld:savannah_soil":4,"minecraft:melon_stem":1,"minecraft:crafting_table":6,"minecraft:torch":1,"luminousworld:savannah_grass_1":1,"minecraft:tall_grass":2,"minecraft:copper_ore":4,"minecraft:lapis_ore":8,"minecraft:oak_planks":5,"minecraft:sugar_cane":2,"minecraft:diorite":7,"minecraft:wheat":57,"luminousworld:bao_bob_log":1,"minecraft:yellow_bed":1,"minecraft:coal_ore":21,"minecraft:oak_log":4,"minecraft:dirt":4,"minecraft:acacia_fence":1,"minecraft:dripstone_block":2,"minecraft:sand":2,"minecraft:cobweb":10,"minecraft:acacia_planks":1,"minecraft:stripped_acacia_wood":7,"luminousworld:savannah_grass_4":2,"luminousworld:elephant_grass":1,"minecraft:oak_leaves":5,"luminousworld:savannah_ground":2},"minecraft:killed_by":{"born_in_chaos_v1:scarlet_persecutor":2},"minecraft:used":{"minecraft:stripped_acacia_wood":4,"minecraft:stone_sword":145,"minecraft:spruce_planks":5,"minecraft:shield":13,"luminousworld:bao_bob_log":1,"luminousworld:savannah_ground":1,"minecraft:torch":3,"minecraft:dirt":5,"minecraft:granite":1,"luminousworld:savannah_soil":3,"minecraft:furnace":1,"minecraft:acacia_fence":1,"minecraft:acacia_planks":48,"minecraft:cooked_mutton":3,"minecraft:water_bucket":12,"minecraft:diorite":7,"minecraft:stone_pickaxe":131,"minecraft:oak_planks":56,"minecraft:wooden_pickaxe":47,"minecraft:sandstone":11,"minecraft:sand":2,"minecraft:crafting_table":7,"minecraft:white_bed":5,"minecraft:dripstone_block":4,"minecraft:bread":30,"minecraft:stone_axe":53,"minecraft:cobblestone":76,"minecraft:bucket":11,"minecraft:yellow_bed":1,"minecraft:cobweb":10},"minecraft:broken":{"minecraft:stone_sword":1,"minecraft:stone_pickaxe":1},"minecraft:picked_up":{"minecraft:crafting_table":6,"minecraft:wheat":51,"minecraft:wooden_pickaxe":1,"luminousworld:bao_bob_wood":2,"minecraft:string":10,"minecraft:raw_copper":16,"minecraft:spruce_planks":16,"minecraft:beef":4,"born_in_chaos_v1:gnawed_bones":2,"minecraft:sugar_cane":1,"minecraft:furnace":1,"luminousworld:bao_bab_sapling":1,"minecraft:raw_iron":40,"minecraft:stick":1,"minecraft:sandstone":11,"minecraft:acacia_fence":1,"minecraft:copper_ingot":2,"minecraft:torch":2,"minecraft:acacia_log":11,"luminousworld:savannah_soil":5,"minecraft:diorite":11,"tombstone:grave_dust":2,"tombstone:lollipop":2,"minecraft:stone_sword":1,"minecraft:rotten_flesh":2,"minecraft:hay_block":14,"minecraft:saddle":1,"minecraft:mutton":7,"minecraft:cobblestone":92,"minecraft:white_wool":3,"born_in_chaos_v1:corpse_maggot":5,"luminousworld:savannah_ground":2,"minecraft:water_bucket":1,"minecraft:leather":4,"minecraft:oak_log":4,"minecraft:yellow_bed":1,"minecraft:gunpowder":2,"minecraft:lapis_lazuli":58,"minecraft:dirt":5,"born_in_chaos_v1:monster_skin":3,"minecraft:bone":3,"minecraft:acacia_planks":29,"minecraft:wheat_seeds":254,"minecraft:iron_ingot":1,"minecraft:stone_pickaxe":1,"minecraft:oak_planks":45,"born_in_chaos_v1:ethereal_spirit":3,"minecraft:stripped_acacia_wood":7,"minecraft:dripstone_block":4,"born_in_chaos_v1:dark_rod":1,"minecraft:sand":2,"minecraft:white_bed":4,"minecraft:stone_axe":1,"minecraft:granite":1,"minecraft:oak_sapling":1,"luminousworld:bao_bob_log":3,"minecraft:black_wool":1,"minecraft:coal":20,"iceandfire:raw_silver":1}},"DataVersion":3465}