{"stats":{"minecraft:crafted":{"minecraft:oak_planks":16,"minecraft:furnace":1,"minecraft:cooked_mutton":5,"quark:acacia_chest":1,"minecraft:diamond_helmet":1,"minecraft:diamond_leggings":1,"minecraft:iron_axe":1,"minecraft:stone_pickaxe":1,"minecraft:diamond_boots":1,"minecraft:wheat":126,"minecraft:diamond_sword":1,"sophisticatedbackpacks:backpack":1,"minecraft:diamond_axe":1,"minecraft:crafting_table":3,"minecraft:wooden_pickaxe":1,"minecraft:iron_sword":1,"minecraft:stone_axe":1,"minecraft:bread":59,"minecraft:air":0,"minecraft:diamond_pickaxe":1,"minecraft:shield":1,"minecraft:stick":48,"minecraft:iron_ingot":40,"minecraft:iron_pickaxe":1,"minecraft:stone_sword":1,"minecraft:white_bed":1,"minecraft:acacia_planks":48,"minecraft:torch":36,"luminousworld:baobab_plank":8,"minecraft:diamond_chestplate":1},"minecraft:dropped":{"minecraft:iron_sword":2,"iceandfire:raw_silver":1,"minecraft:porkchop":4,"minecraft:wheat_seeds":190,"minecraft:oak_log":1,"born_in_chaos_v1:pieceofdarkmetal":1,"minecraft:coal":2,"born_in_chaos_v1:gnawed_bones":2,"luminousworld:bao_bob_wood":2,"born_in_chaos_v1:monster_skin":2,"tombstone:grave_key":1,"luminousworld:savannah_ground":4,"minecraft:diamond_helmet":2,"tombstone:grave_dust":3,"minecraft:pumpkin":2,"tombstone:lollipop":4,"minecraft:sugar_cane":1,"luminousworld:bao_bab_sapling":1,"alexsmobs:animal_dictionary":1,"minecraft:rotten_flesh":17,"luminousworld:savannah_soil":2,"minecraft:spruce_fence":1,"minecraft:gunpowder":2,"iceandfire:rotten_egg":1,"minecraft:bundle":2,"born_in_chaos_v1:corpse_maggot":3,"alexsmobs:guster_eye":1,"minecraft:golden_sword":1,"minecraft:spider_eye":1,"minecraft:stone_bricks":1,"minecraft:wooden_pickaxe":2,"minecraft:stone_pickaxe":1,"minecraft:black_wool":1},"minecraft:used":{"minecraft:stripped_acacia_wood":8,"minecraft:stone_sword":145,"minecraft:spruce_planks":7,"minecraft:shield":45,"minecraft:iron_sword":89,"tombstone:lollipop":1,"luminousworld:bao_bob_log":1,"luminousworld:savannah_ground":2,"minecraft:torch":7,"minecraft:dirt":5,"minecraft:granite":1,"born_in_chaos_v1:corpse_maggot":4,"minecraft:iron_axe":4,"supplementaries:bomb_blue":1,"minecraft:golden_sword":30,"minecraft:golden_carrot":1,"luminousworld:savannah_soil":5,"minecraft:furnace":2,"minecraft:acacia_fence":1,"tombstone:gift":6,"minecraft:acacia_planks":49,"minecraft:cooked_mutton":5,"minecraft:water_bucket":13,"minecraft:diorite":7,"minecraft:stone_pickaxe":131,"minecraft:oak_planks":60,"minecraft:wooden_pickaxe":47,"minecraft:sandstone":11,"minecraft:diamond_axe":9,"minecraft:golden_apple":3,"minecraft:sand":7,"minecraft:crafting_table":9,"supplementaries:bomb":2,"minecraft:white_bed":6,"minecraft:dripstone_block":4,"minecraft:diamond_pickaxe":5,"minecraft:iron_pickaxe":3,"minecraft:bread":54,"minecraft:birch_slab":5,"tombstone:grave_key":7,"minecraft:stone_axe":72,"minecraft:diamond_sword":181,"minecraft:cobblestone":76,"minecraft:cooked_porkchop":9,"minecraft:bucket":12,"minecraft:yellow_bed":1,"minecraft:cobweb":10},"minecraft:killed_by":{"minecraft:player":1,"minecraft:wither_skeleton":10,"born_in_chaos_v1:decaying_zombie":1,"minecraft:hoglin":4,"born_in_chaos_v1:scarlet_persecutor":2},"minecraft:killed":{"luminousworld:miner_zombie":1,"naturalist:rattlesnake":1,"minecraft:vex":1,"born_in_chaos_v1:restless_spirit":1,"born_in_chaos_v1:skeleton_demoman":1,"minecraft:spider":2,"minecraft:vindicator":3,"undead_revamp2:thesmoker":1,"enemyexpansion:direwolf":1,"illagerinvasion:basher":1,"born_in_chaos_v1:scarlet_persecutor":2,"born_in_chaos_v1:maggot":5,"minecraft:skeleton":1,"illagerinvasion:provoker":2,"born_in_chaos_v1:skeleton_thrasher":1,"luminousworld:savannah_zombie":1,"born_in_chaos_v1:fallen_chaos_knight":1,"minecraft:husk":1,"alexsmobs:guster":4,"born_in_chaos_v1:dread_hound_not_despawn":2,"undead_revamp2:thebeartamer":1,"minecraft:hoglin":2,"born_in_chaos_v1:decrepit_skeleton":3,"minecraft:sheep":4,"luminousworld:savannah_skeleton":1,"minecraft:zombie":2,"born_in_chaos_v1:dread_hound":1,"iceandfire:ghost":4,"born_in_chaos_v1:corpse_fly":2,"born_in_chaos_v1:door_knight":1,"minecraft:wither_skeleton":4,"minecraft:cow":2},"minecraft:picked_up":{"minecraft:crafting_table":6,"minecraft:wheat":51,"iceandfire:witherbone":4,"minecraft:wooden_pickaxe":1,"luminousworld:bao_bob_wood":2,"tombstone:grave_key":1,"minecraft:string":12,"minecraft:raw_copper":16,"minecraft:iron_axe":1,"minecraft:spruce_planks":18,"minecraft:beef":4,"born_in_chaos_v1:gnawed_bones":2,"minecraft:sugar_cane":1,"minecraft:furnace":1,"luminousworld:bao_bab_sapling":1,"minecraft:stick":1,"minecraft:raw_iron":40,"minecraft:sandstone":11,"minecraft:acacia_fence":1,"minecraft:copper_ingot":2,"minecraft:torch":3,"minecraft:acacia_log":11,"minecraft:spruce_fence":1,"luminousworld:savannah_soil":8,"minecraft:porkchop":4,"tombstone:grave_dust":6,"minecraft:diorite":11,"born_in_chaos_v1:pieceofdarkmetal":1,"tombstone:lollipop":5,"minecraft:stone_sword":1,"minecraft:arrow":1,"minecraft:rotten_flesh":21,"minecraft:hay_block":14,"minecraft:saddle":1,"supplementaries:ash":11,"minecraft:mutton":7,"minecraft:white_wool":3,"minecraft:cobblestone":92,"born_in_chaos_v1:corpse_maggot":7,"luminousworld:savannah_ground":6,"born_in_chaos_v1:monster_flesh":1,"minecraft:birch_slab":5,"minecraft:water_bucket":1,"minecraft:leather":7,"minecraft:oak_log":5,"minecraft:yellow_bed":1,"minecraft:gunpowder":2,"minecraft:lapis_lazuli":58,"minecraft:dirt":5,"born_in_chaos_v1:monster_skin":3,"minecraft:bone":11,"minecraft:acacia_planks":31,"minecraft:stone_bricks":1,"minecraft:wheat_seeds":254,"minecraft:iron_ingot":1,"minecraft:stone_pickaxe":1,"minecraft:diamond_helmet":1,"minecraft:iron_sword":2,"minecraft:oak_planks":63,"minecraft:cooked_porkchop":9,"born_in_chaos_v1:ethereal_spirit":4,"minecraft:stripped_acacia_wood":9,"minecraft:dripstone_block":4,"minecraft:sand":14,"born_in_chaos_v1:dark_rod":1,"minecraft:white_bed":5,"minecraft:spider_eye":1,"minecraft:bundle":2,"alexsmobs:guster_eye":2,"minecraft:diamond":25,"minecraft:spruce_boat":1,"minecraft:stone_axe":1,"minecraft:granite":1,"minecraft:emerald":2,"minecraft:oak_sapling":1,"luminousworld:bao_bob_log":3,"minecraft:black_wool":1,"minecraft:coal":28,"iceandfire:raw_silver":1},"minecraft:broken":{"minecraft:stone_sword":1,"minecraft:stone_pickaxe":1},"minecraft:custom":{"minecraft:mob_kills":62,"minecraft:interact_with_crafting_table":20,"minecraft:open_barrel":10,"minecraft:damage_dealt_resisted":1422,"minecraft:leave_game":7,"minecraft:time_since_death":59514,"minecraft:climb_one_cm":5095,"minecraft:sprint_one_cm":293262,"minecraft:walk_one_cm":418357,"minecraft:damage_blocked_by_shield":1155,"minecraft:drop":54,"tombstone:eaten_lollipop":1,"minecraft:play_time":187300,"minecraft:sneak_time":4006,"minecraft:deaths":19,"minecraft:walk_under_water_one_cm":11119,"minecraft:boat_one_cm":49681,"minecraft:jump":3913,"minecraft:walk_on_water_one_cm":36260,"minecraft:total_world_time":187300,"minecraft:interact_with_furnace":20,"tombstone:raider_killed":6,"minecraft:sleep_in_bed":4,"minecraft:time_since_rest":58180,"minecraft:damage_taken":10154,"minecraft:damage_absorbed":120,"minecraft:trigger_trapped_chest":2,"minecraft:damage_dealt":16489,"tombstone:cast_on_ally":1,"minecraft:swim_one_cm":28364,"minecraft:fly_one_cm":837390,"minecraft:open_chest":26,"minecraft:crouch_one_cm":9436,"tombstone:undead_killed":24,"minecraft:fall_one_cm":112662},"minecraft:mined":{"luminousworld:groundpebbles_1":1,"minecraft:spruce_planks":18,"minecraft:white_bed":7,"iceandfire:silver_ore":1,"minecraft:acacia_log":12,"minecraft:spruce_fence":1,"minecraft:birch_slab":5,"minecraft:sandstone":12,"luminousworld:savanna_grass_2":3,"minecraft:chiseled_stone_bricks":1,"minecraft:spawner":6,"minecraft:hay_block":14,"minecraft:furnace":1,"minecraft:iron_ore":40,"minecraft:azure_bluet":1,"minecraft:deepslate_iron_ore":1,"minecraft:dirt_path":1,"minecraft:stone":80,"luminousworld:savannah_soil":7,"minecraft:melon_stem":1,"minecraft:crafting_table":6,"minecraft:torch":2,"luminousworld:savannah_grass_1":1,"minecraft:copper_ore":4,"minecraft:tall_grass":3,"minecraft:lapis_ore":8,"minecraft:oak_planks":23,"minecraft:sugar_cane":2,"minecraft:diorite":7,"minecraft:spruce_stairs":1,"minecraft:wheat":57,"luminousworld:bao_bob_log":1,"minecraft:yellow_bed":1,"minecraft:grass":2,"minecraft:oak_log":6,"minecraft:coal_ore":21,"minecraft:sand":2,"minecraft:acacia_fence":1,"minecraft:dripstone_block":2,"minecraft:dirt":4,"minecraft:cobweb":15,"minecraft:acacia_planks":2,"minecraft:stripped_acacia_wood":9,"minecraft:stone_bricks":1,"luminousworld:elephant_grass":1,"luminousworld:savannah_grass_4":2,"minecraft:oak_leaves":5,"luminousworld:savannah_ground":6}},"DataVersion":3465}