{"stats":{"minecraft:broken":{"mowziesmobs:umvuthana_mask_fear":1,"minecraft:diamond_helmet":1,"minecraft:iron_boots":1,"minecraft:iron_chestplate":1,"minecraft:iron_leggings":1,"minecraft:stone_pickaxe":1,"minecraft:diamond_boots":1,"minecraft:diamond_chestplate":1,"minecraft:stone_sword":1,"minecraft:diamond_leggings":1,"minecraft:shield":2,"minecraft:iron_helmet":1,"minecraft:netherite_boots":1},"minecraft:used":{"minecraft:shield":139,"minecraft:iron_sword":89,"tombstone:lollipop":2,"luminousworld:savannah_ground":2,"minecraft:glass":30,"born_in_chaos_v1:corpse_maggot":4,"minecraft:lantern":18,"minecraft:dark_oak_slab":3,"minecraft:stone_brick_stairs":736,"minecraft:stone_bricks":689,"supplementaries:bomb_blue":2,"minecraft:golden_sword":30,"minecraft:oak_sapling":50,"minecraft:furnace":7,"minecraft:acacia_fence":1,"minecraft:diorite":7,"minecraft:stone_pickaxe":131,"minecraft:oak_planks":547,"minecraft:wooden_pickaxe":47,"minecraft:sandstone":11,"minecraft:diamond_axe":368,"minecraft:golden_apple":6,"minecraft:sand":7,"minecraft:dripstone_block":4,"minecraft:birch_slab":5,"minecraft:bread":73,"tombstone:grave_key":34,"minecraft:diamond_sword":710,"minecraft:bone_meal":90,"minecraft:cobweb":10,"minecraft:experience_bottle":1,"minecraft:stripped_acacia_wood":8,"minecraft:stone_sword":163,"minecraft:spruce_planks":7,"luminousworld:bao_bob_log":1,"minecraft:torch":7,"minecraft:dirt":320,"minecraft:oak_wood":195,"minecraft:granite":1,"minecraft:stone_brick_slab":146,"minecraft:oak_stairs":65,"minecraft:iron_axe":4,"minecraft:golden_carrot":14,"luminousworld:savannah_soil":5,"tombstone:gift":7,"minecraft:cooked_beef":4,"minecraft:acacia_planks":49,"minecraft:enchanted_golden_apple":2,"minecraft:cooked_mutton":7,"minecraft:water_bucket":141,"minecraft:oak_slab":81,"minecraft:crafting_table":19,"supplementaries:bomb":2,"minecraft:white_bed":15,"minecraft:oak_log":468,"minecraft:diamond_pickaxe":635,"minecraft:diamond_shovel":768,"minecraft:iron_pickaxe":3,"tombstone:magic_scroll":2,"minecraft:stone_axe":72,"minecraft:cobblestone":102,"minecraft:cooked_porkchop":29,"minecraft:bucket":153,"minecraft:yellow_bed":1},"minecraft:picked_up":{"minecraft:iron_chestplate":1,"minecraft:wheat":51,"minecraft:diamond_sword":1,"tombstone:grave_key":1,"minecraft:string":49,"minecraft:raw_copper":16,"minecraft:smooth_stone_slab":1,"minecraft:iron_leggings":1,"minecraft:red_sand":8,"minecraft:spruce_planks":18,"minecraft:furnace":1,"minecraft:iron_boots":1,"luminousworld:bao_bab_sapling":1,"minecraft:tipped_arrow":1,"minecraft:stick":22,"minecraft:acacia_fence":1,"minecraft:torch":3,"minecraft:acacia_log":11,"quark:blossom_log":8,"luminousworld:savannah_soil":9,"minecraft:porkchop":14,"tombstone:grave_dust":15,"minecraft:diorite":11,"aether:golden_gloves":2,"tombstone:lollipop":6,"luminousworld:grassflowers":2,"minecraft:stone_sword":2,"minecraft:rotten_flesh":36,"minecraft:cyan_terracotta":7,"luminousworld:tall_deadbush":2,"supplementaries:ash":12,"minecraft:cobblestone":582,"minecraft:pink_petals":226,"luminousworld:savannah_ground":6,"minecraft:feather":13,"minecraft:birch_slab":5,"minecraft:water_bucket":2,"minecraft:smooth_sandstone_stairs":1,"minecraft:wither_skeleton_skull":1,"minecraft:lapis_lazuli":58,"minecraft:dirt":896,"born_in_chaos_v1:monster_skin":3,"minecraft:bone":31,"minecraft:acacia_planks":33,"minecraft:bow":1,"minecraft:wheat_seeds":278,"luminousworld:elephant_grass":3,"minecraft:diamond_helmet":1,"minecraft:oak_planks":100,"minecraft:cooked_porkchop":9,"minecraft:stripped_acacia_wood":9,"minecraft:sand":28,"minecraft:dark_prismarine":1,"minecraft:bundle":2,"alexsmobs:guster_eye":2,"minecraft:diamond":25,"minecraft:spruce_boat":1,"minecraft:granite":1,"minecraft:emerald":3,"minecraft:bread":13,"minecraft:oak_sapling":51,"luminousworld:bao_bob_log":3,"iceandfire:raw_silver":5,"luminousworld:groundpebbles_1":2,"minecraft:crafting_table":11,"iceandfire:witherbone":17,"minecraft:clay_ball":4,"minecraft:wooden_pickaxe":1,"luminousworld:bao_bob_wood":2,"minecraft:chain":2,"minecraft:iron_axe":1,"minecraft:iron_shovel":1,"minecraft:netherite_sword":1,"minecraft:beef":6,"born_in_chaos_v1:gnawed_bones":2,"minecraft:player_head":1,"minecraft:poppy":11,"minecraft:sugar_cane":2,"minecraft:phantom_membrane":1,"minecraft:raw_iron":48,"minecraft:sandstone":11,"minecraft:copper_ingot":2,"minecraft:spruce_fence":1,"born_in_chaos_v1:pieceofdarkmetal":1,"minecraft:dark_oak_planks":9,"minecraft:arrow":2,"minecraft:diamond_boots":1,"minecraft:hay_block":14,"minecraft:saddle":1,"minecraft:mutton":7,"minecraft:skeleton_skull":1,"minecraft:white_wool":3,"born_in_chaos_v1:fused_bone":6,"born_in_chaos_v1:corpse_maggot":10,"minecraft:netherite_boots":1,"born_in_chaos_v1:monster_flesh":1,"minecraft:leather":8,"minecraft:acacia_wood":1,"minecraft:oak_log":170,"minecraft:yellow_bed":1,"minecraft:gunpowder":2,"minecraft:white_banner":1,"minecraft:apple":4,"minecraft:stone_bricks":1,"minecraft:iron_ingot":21,"minecraft:stone_pickaxe":1,"tombstone:bag_of_seeds":4,"minecraft:iron_sword":2,"mowziesmobs:umvuthana_mask_misery":2,"minecraft:dark_oak_stairs":1,"minecraft:book":51,"born_in_chaos_v1:ethereal_spirit":8,"minecraft:dandelion":10,"minecraft:dripstone_block":4,"born_in_chaos_v1:dark_rod":1,"minecraft:white_bed":12,"minecraft:spider_eye":1,"minecraft:stone_axe":1,"minecraft:chainmail_leggings":2,"minecraft:iron_helmet":1,"minecraft:birch_sign":4,"mowziesmobs:umvuthana_mask_fear":1,"tombstone:magic_scroll":2,"minecraft:black_wool":1,"minecraft:coal":125},"minecraft:crafted":{"minecraft:oak_planks":436,"minecraft:stone":131,"minecraft:diamond_shovel":1,"minecraft:cooked_mutton":7,"minecraft:diamond_helmet":1,"minecraft:diamond_leggings":1,"minecraft:iron_boots":2,"quark:blossom_planks":32,"sophisticatedbackpacks:backpack":1,"minecraft:cooked_porkchop":16,"minecraft:diamond_axe":1,"minecraft:crafting_table":8,"minecraft:wooden_pickaxe":1,"minecraft:iron_helmet":1,"minecraft:dark_oak_slab":6,"minecraft:iron_chestplate":1,"minecraft:diamond_pickaxe":1,"minecraft:shield":3,"minecraft:stick":48,"minecraft:iron_ingot":40,"minecraft:iron_pickaxe":1,"minecraft:stone_sword":1,"minecraft:furnace":6,"minecraft:bone_meal":150,"quark:acacia_chest":1,"minecraft:iron_axe":1,"minecraft:stone_pickaxe":1,"minecraft:diamond_boots":1,"minecraft:wheat":126,"sophisticatedbackpacks:iron_backpack":1,"minecraft:cooked_beef":4,"minecraft:diamond_sword":1,"minecraft:iron_sword":1,"sophisticatedbackpacks:gold_backpack":1,"minecraft:bucket":1,"minecraft:stone_axe":1,"minecraft:bread":59,"minecraft:air":0,"minecraft:iron_leggings":1,"minecraft:white_bed":1,"minecraft:acacia_planks":48,"minecraft:torch":36,"luminousworld:baobab_plank":8,"minecraft:diamond_chestplate":1},"minecraft:dropped":{"minecraft:iron_sword":3,"iceandfire:raw_silver":1,"minecraft:porkchop":4,"minecraft:oak_log":1,"minecraft:diamond":3,"born_in_chaos_v1:pieceofdarkmetal":1,"minecraft:cyan_terracotta":7,"born_in_chaos_v1:monster_flesh":1,"minecraft:dirt":10,"tombstone:bag_of_seeds":3,"luminousworld:bao_bob_wood":2,"born_in_chaos_v1:monster_skin":2,"minecraft:chain":2,"minecraft:sand":21,"tombstone:lollipop":4,"minecraft:stone_axe":1,"minecraft:sugar_cane":2,"minecraft:golden_chestplate":1,"alexsmobs:animal_dictionary":1,"aether:golden_gloves":2,"tombstone:gift":1,"born_in_chaos_v1:ethereal_spirit":4,"minecraft:rotten_flesh":32,"luminousworld:tall_deadbush":2,"luminousworld:savannah_soil":2,"minecraft:poppy":11,"luminousworld:grassflowers":2,"minecraft:gunpowder":2,"born_in_chaos_v1:corpse_maggot":6,"alexsmobs:guster_eye":2,"minecraft:leather_leggings":1,"minecraft:water_bucket":1,"minecraft:wheat_seeds":208,"minecraft:feather":13,"mowziesmobs:umvuthana_mask_fear":1,"minecraft:coal":2,"born_in_chaos_v1:gnawed_bones":2,"tombstone:grave_key":1,"luminousworld:savannah_ground":4,"born_in_chaos_v1:fused_bone":6,"minecraft:diamond_helmet":2,"tombstone:grave_dust":15,"minecraft:pumpkin":2,"minecraft:white_banner":1,"minecraft:chainmail_leggings":1,"minecraft:pink_petals":209,"minecraft:acacia_planks":1,"minecraft:dandelion":10,"luminousworld:bao_bab_sapling":1,"minecraft:stone_sword":2,"minecraft:smooth_stone_slab":1,"minecraft:clay_ball":4,"minecraft:spruce_fence":1,"iceandfire:rotten_egg":1,"mowziesmobs:umvuthana_mask_misery":1,"minecraft:spruce_planks":1,"minecraft:bundle":2,"luminousworld:groundpebbles_1":2,"minecraft:golden_sword":1,"minecraft:spider_eye":1,"minecraft:birch_sign":4,"minecraft:stone_bricks":1,"minecraft:bamboo":1,"minecraft:diamond_boots":1,"luminousworld:elephant_grass":3,"minecraft:red_sand":8,"minecraft:stone_pickaxe":1,"minecraft:wooden_pickaxe":2,"minecraft:dark_prismarine":1,"minecraft:black_wool":1},"minecraft:killed":{"luminousworld:miner_zombie":1,"naturalist:rattlesnake":1,"born_in_chaos_v1:restless_spirit":2,"born_in_chaos_v1:skeleton_demoman":1,"minecraft:spider":2,"undead_revamp2:thesmoker":2,"born_in_chaos_v1:siamese_skeletonsright":1,"illagerinvasion:basher":1,"born_in_chaos_v1:scarlet_persecutor":2,"minecraft:skeleton":2,"mowziesmobs:umvuthana_crane":7,"illagerinvasion:provoker":2,"born_in_chaos_v1:skeleton_thrasher":1,"minecraft:pig":3,"born_in_chaos_v1:dread_hound_not_despawn":2,"undead_revamp2:thebeartamer":2,"minecraft:sheep":4,"luminousworld:savannah_skeleton":1,"minecraft:zombie":5,"born_in_chaos_v1:dread_hound":1,"born_in_chaos_v1:corpse_fly":2,"born_in_chaos_v1:door_knight":1,"born_in_chaos_v1:siamese_skeletonsleft":1,"minecraft:cow":3,"minecraft:vex":1,"undead_revamp2:thehunter":1,"alexsmobs:tiger":2,"minecraft:vindicator":3,"illagerinvasion:marauder":1,"enemyexpansion:direwolf":5,"born_in_chaos_v1:maggot":7,"minecraft:phantom":2,"luminousworld:savannah_zombie":2,"mowziesmobs:umvuthana":12,"born_in_chaos_v1:fallen_chaos_knight":1,"minecraft:husk":1,"alexsmobs:guster":4,"born_in_chaos_v1:baby_skeleton":1,"minecraft:hoglin":2,"born_in_chaos_v1:decrepit_skeleton":3,"iceandfire:ghost":4,"minecraft:wither_skeleton":28},"minecraft:killed_by":{"undead_revamp2:sucker":1,"minecraft:wither_skeleton":16,"earthmobsmod:bouldering_zombie":1,"mowziesmobs:umvuthi":6,"born_in_chaos_v1:scarlet_persecutor":2,"minecraft:player":1,"enemyexpansion:equestrian":1,"alexsmobs:tiger":1,"born_in_chaos_v1:decaying_zombie":1,"undead_revamp2:thehunter":1,"iceandfire:gorgon":1,"minecraft:hoglin":6,"minecraft:phantom":2,"iceandfire:lightning_dragon":4},"minecraft:mined":{"minecraft:dark_oak_planks":10,"minecraft:spruce_planks":18,"minecraft:white_bed":14,"minecraft:oak_sapling":1,"minecraft:acacia_log":12,"minecraft:grass_block":236,"luminousworld:savanna_grass_2":7,"minecraft:chiseled_stone_bricks":1,"minecraft:spawner":16,"minecraft:iron_ore":48,"iceandfire:crackled_dirt":1,"minecraft:azure_bluet":1,"minecraft:dark_oak_stairs":1,"minecraft:dirt_path":1,"minecraft:smooth_sandstone_stairs":3,"minecraft:spruce_wood":1,"minecraft:cyan_terracotta":7,"luminousworld:tall_deadbush":1,"minecraft:melon_stem":1,"minecraft:clay":3,"minecraft:torch":2,"quark:blossom_log":8,"minecraft:cobblestone":3,"minecraft:sugar_cane":2,"minecraft:oak_planks":64,"minecraft:pink_petals":86,"minecraft:skeleton_skull":1,"minecraft:wheat":57,"luminousworld:bao_bob_log":1,"minecraft:tnt":1,"minecraft:smooth_stone_slab":1,"minecraft:grass":75,"minecraft:oak_log":176,"minecraft:acacia_fence":1,"minecraft:sand":2,"minecraft:dirt":545,"luminousworld:grassvariant_3":2,"luminousworld:savannah_grass_4":4,"minecraft:oak_leaves":102,"luminousworld:savannah_ground":6,"minecraft:dark_prismarine":1,"luminousworld:groundpebbles_1":2,"iceandfire:silver_ore":5,"minecraft:spruce_fence":1,"luminousworld:grassvariant_2":2,"minecraft:birch_slab":5,"minecraft:sandstone":12,"luminousworld:groundpebbles_3":1,"minecraft:hay_block":14,"minecraft:furnace":1,"minecraft:acacia_wood":1,"minecraft:bookshelf":17,"minecraft:deepslate_iron_ore":1,"minecraft:stone":567,"luminousworld:savannah_soil":8,"minecraft:crafting_table":11,"luminousworld:savannah_grass_1":4,"minecraft:emerald_ore":1,"luminousworld:grassflowers":1,"minecraft:tall_grass":12,"minecraft:copper_ore":4,"minecraft:lapis_ore":8,"minecraft:diorite":7,"minecraft:spruce_stairs":1,"minecraft:yellow_bed":1,"minecraft:coal_ore":115,"minecraft:dripstone_block":2,"minecraft:cobweb":49,"minecraft:acacia_planks":4,"minecraft:stripped_acacia_wood":9,"minecraft:stone_bricks":1,"luminousworld:elephant_grass":1},"minecraft:custom":{"minecraft:interact_with_crafting_table":46,"minecraft:open_barrel":10,"minecraft:leave_game":15,"minecraft:time_since_death":135602,"minecraft:damage_resisted":120,"minecraft:sprint_one_cm":692921,"minecraft:damage_blocked_by_shield":2147483647,"tombstone:eaten_lollipop":2,"minecraft:drop":160,"minecraft:play_time":455093,"minecraft:deaths":46,"minecraft:jump":7870,"minecraft:walk_on_water_one_cm":74453,"minecraft:interact_with_furnace":46,"minecraft:sleep_in_bed":17,"minecraft:damage_dealt":38998,"minecraft:player_kills":1,"minecraft:crouch_one_cm":52547,"tombstone:undead_killed":61,"minecraft:mob_kills":136,"minecraft:damage_dealt_resisted":1615,"minecraft:climb_one_cm":6943,"minecraft:walk_one_cm":1073639,"minecraft:sneak_time":16306,"minecraft:walk_under_water_one_cm":44264,"minecraft:boat_one_cm":49681,"minecraft:total_world_time":455093,"tombstone:raider_killed":9,"minecraft:time_since_rest":12295,"minecraft:damage_taken":2147483647,"minecraft:damage_absorbed":400,"minecraft:trigger_trapped_chest":2,"tombstone:cast_on_ally":1,"minecraft:swim_one_cm":70701,"minecraft:fly_one_cm":2278726,"minecraft:open_chest":59,"minecraft:fall_one_cm":230286}},"DataVersion":3465}