{"stats":{"minecraft:crafted":{"minecraft:oak_planks":436,"minecraft:stone":131,"minecraft:diamond_shovel":1,"minecraft:cooked_mutton":7,"minecraft:diamond_helmet":1,"minecraft:diamond_leggings":1,"minecraft:iron_boots":2,"quark:blossom_planks":32,"sophisticatedbackpacks:backpack":1,"minecraft:cooked_porkchop":16,"minecraft:diamond_axe":1,"minecraft:crafting_table":8,"minecraft:wooden_pickaxe":1,"minecraft:iron_helmet":1,"minecraft:dark_oak_slab":6,"minecraft:iron_chestplate":1,"minecraft:diamond_pickaxe":1,"minecraft:shield":4,"minecraft:stick":48,"minecraft:iron_ingot":40,"minecraft:iron_pickaxe":1,"minecraft:stone_sword":1,"minecraft:furnace":6,"minecraft:bone_meal":150,"quark:acacia_chest":1,"minecraft:iron_axe":1,"minecraft:stone_pickaxe":1,"minecraft:diamond_boots":1,"minecraft:wheat":126,"sophisticatedbackpacks:iron_backpack":1,"minecraft:cooked_beef":6,"minecraft:diamond_sword":1,"minecraft:iron_sword":1,"sophisticatedbackpacks:gold_backpack":1,"minecraft:bucket":2,"minecraft:stone_axe":1,"minecraft:bread":59,"minecraft:air":0,"minecraft:iron_leggings":1,"minecraft:white_bed":1,"minecraft:acacia_planks":48,"minecraft:torch":104,"luminousworld:baobab_plank":8,"minecraft:diamond_chestplate":1},"minecraft:killed_by":{"undead_revamp2:sucker":1,"minecraft:wither_skeleton":16,"earthmobsmod:bouldering_zombie":1,"mowziesmobs:umvuthi":6,"born_in_chaos_v1:scarlet_persecutor":2,"iceandfire:fire_dragon":1,"minecraft:player":1,"enemyexpansion:equestrian":1,"alexsmobs:tiger":1,"born_in_chaos_v1:decaying_zombie":1,"undead_revamp2:thehunter":1,"iceandfire:gorgon":1,"minecraft:hoglin":6,"minecraft:phantom":2,"iceandfire:lightning_dragon":4,"enemyexpansion:direwolf":1},"minecraft:used":{"minecraft:chest":2,"minecraft:shield":218,"minecraft:stone":2,"minecraft:iron_sword":89,"tombstone:lollipop":4,"luminousworld:savannah_ground":2,"minecraft:glass":222,"born_in_chaos_v1:corpse_maggot":4,"minecraft:lantern":156,"minecraft:dark_oak_slab":3,"minecraft:cherry_leaves":8,"minecraft:stone_brick_stairs":736,"minecraft:stone_bricks":2980,"supplementaries:bomb_blue":2,"minecraft:golden_sword":30,"minecraft:bow":1,"minecraft:oak_sapling":50,"minecraft:furnace":50,"minecraft:acacia_fence":1,"minecraft:diorite":7,"minecraft:stone_pickaxe":131,"minecraft:oak_planks":570,"minecraft:wooden_pickaxe":47,"minecraft:sandstone":11,"minecraft:diamond_axe":380,"minecraft:golden_apple":6,"minecraft:sand":7,"minecraft:black_bed":2,"minecraft:dripstone_block":4,"quark:vertical_oak_planks":1,"minecraft:birch_slab":5,"minecraft:bread":137,"tombstone:grave_key":36,"cataclysm:altar_of_fire":17,"minecraft:diamond_sword":885,"iceandfire:dragon_skull_fire":1,"minecraft:smithing_table":4,"minecraft:bone_meal":90,"minecraft:cobweb":38,"minecraft:experience_bottle":1,"supplementaries:stone_tile":10,"minecraft:stripped_acacia_wood":8,"minecraft:netherite_sword":6,"minecraft:stone_sword":163,"minecraft:spruce_planks":7,"luminousworld:bao_bob_log":1,"minecraft:torch":100,"minecraft:dirt":356,"minecraft:oak_wood":195,"minecraft:granite":1,"minecraft:stone_brick_slab":305,"minecraft:iron_axe":4,"minecraft:oak_stairs":107,"minecraft:golden_carrot":14,"luminousworld:savannah_soil":5,"tombstone:gift":8,"minecraft:cooked_beef":6,"minecraft:acacia_planks":49,"minecraft:enchanted_golden_apple":3,"minecraft:cooked_mutton":7,"minecraft:water_bucket":160,"quark:andesite_bricks_stairs":126,"securitycraft:scanner_door_item":1,"minecraft:salmon":27,"minecraft:oak_slab":108,"minecraft:crafting_table":28,"supplementaries:bomb":2,"minecraft:white_bed":15,"minecraft:oak_log":779,"minecraft:diamond_pickaxe":957,"minecraft:diamond_shovel":771,"minecraft:iron_pickaxe":3,"tombstone:magic_scroll":2,"minecraft:spruce_trapdoor":7,"minecraft:stone_axe":72,"minecraft:cobblestone":102,"minecraft:cooked_porkchop":32,"minecraft:bucket":173,"minecraft:yellow_bed":3,"minecraft:stripped_oak_log":128},"minecraft:mined":{"minecraft:dark_oak_planks":10,"minecraft:large_amethyst_bud":2,"minecraft:spruce_planks":18,"minecraft:white_bed":14,"minecraft:oak_sapling":1,"minecraft:budding_amethyst":5,"minecraft:acacia_log":12,"minecraft:grass_block":236,"luminousworld:savanna_grass_2":7,"minecraft:chiseled_stone_bricks":1,"minecraft:spawner":16,"minecraft:fire":1,"minecraft:iron_ore":52,"minecraft:deepslate_lapis_ore":3,"iceandfire:crackled_dirt":1,"minecraft:azure_bluet":1,"minecraft:dark_oak_stairs":1,"minecraft:dirt_path":1,"minecraft:smooth_sandstone_stairs":3,"minecraft:spruce_wood":1,"minecraft:deepslate_redstone_ore":1,"minecraft:cyan_terracotta":7,"luminousworld:tall_deadbush":1,"minecraft:melon_stem":1,"minecraft:amethyst_cluster":4,"minecraft:clay":3,"minecraft:torch":2,"quark:blossom_log":8,"born_in_chaos_v1:black_argillite_column_slab":1,"minecraft:cobblestone":3,"minecraft:sugar_cane":2,"minecraft:oak_planks":66,"minecraft:amethyst_block":29,"minecraft:pink_petals":86,"minecraft:skeleton_skull":1,"minecraft:wheat":57,"luminousworld:bao_bob_log":1,"minecraft:tnt":1,"minecraft:smooth_stone_slab":1,"minecraft:grass":76,"minecraft:oak_log":176,"minecraft:acacia_fence":1,"minecraft:sand":2,"minecraft:dirt":547,"luminousworld:grassvariant_3":2,"luminousworld:savannah_grass_4":4,"minecraft:deepslate":31,"minecraft:oak_leaves":102,"luminousworld:savannah_ground":6,"minecraft:dark_prismarine":1,"luminousworld:groundpebbles_1":2,"minecraft:tuff":4,"iceandfire:silver_ore":15,"minecraft:deepslate_diamond_ore":3,"minecraft:spruce_fence":1,"luminousworld:grassvariant_2":2,"minecraft:birch_slab":5,"minecraft:sandstone":12,"luminousworld:groundpebbles_3":1,"minecraft:hay_block":14,"minecraft:oak_trapdoor":2,"minecraft:furnace":1,"minecraft:acacia_wood":1,"minecraft:andesite":20,"minecraft:bookshelf":17,"minecraft:deepslate_iron_ore":27,"minecraft:stone":687,"luminousworld:savannah_soil":8,"minecraft:oak_fence":1,"minecraft:crafting_table":14,"luminousworld:savannah_grass_1":4,"minecraft:emerald_ore":4,"luminousworld:grassflowers":1,"quark:glow_shroom_block":2,"minecraft:tall_grass":12,"minecraft:copper_ore":4,"minecraft:deepslate_gold_ore":28,"minecraft:lapis_ore":9,"minecraft:diorite":7,"supplementaries:urn":1,"minecraft:spruce_stairs":1,"minecraft:yellow_bed":4,"minecraft:coal_ore":122,"minecraft:gravel":2,"minecraft:dripstone_block":2,"minecraft:cobweb":50,"minecraft:acacia_planks":4,"minecraft:stripped_acacia_wood":9,"minecraft:stone_bricks":8,"luminousworld:elephant_grass":1,"minecraft:gold_ore":2,"minecraft:infested_stone":1},"minecraft:broken":{"mowziesmobs:umvuthana_mask_fear":1,"minecraft:diamond_helmet":1,"minecraft:iron_boots":2,"minecraft:iron_chestplate":1,"minecraft:iron_leggings":1,"minecraft:stone_pickaxe":1,"minecraft:diamond_boots":1,"minecraft:diamond_chestplate":1,"minecraft:stone_sword":1,"minecraft:diamond_leggings":1,"minecraft:shield":3,"minecraft:iron_helmet":2,"minecraft:netherite_boots":1},"minecraft:picked_up":{"minecraft:iron_chestplate":2,"minecraft:wheat":51,"minecraft:diamond_sword":6,"tombstone:grave_key":1,"minecraft:amethyst_block":28,"minecraft:string":51,"minecraft:raw_copper":16,"minecraft:smooth_stone_slab":1,"minecraft:iron_leggings":1,"minecraft:red_sand":8,"minecraft:cobbled_deepslate":41,"minecraft:spruce_planks":18,"minecraft:furnace":1,"minecraft:iron_boots":1,"luminousworld:bao_bab_sapling":1,"minecraft:tipped_arrow":1,"minecraft:stick":27,"minecraft:acacia_fence":1,"minecraft:oak_fence":2,"minecraft:torch":13,"minecraft:acacia_log":11,"quark:blossom_log":8,"luminousworld:savannah_soil":9,"minecraft:porkchop":14,"tombstone:grave_dust":18,"minecraft:diorite":11,"aether:golden_gloves":2,"tombstone:lollipop":8,"luminousworld:grassflowers":2,"minecraft:stone_sword":2,"minecraft:rotten_flesh":51,"supplementaries:antique_ink":8,"iceandfire:fire_dragon_heart":1,"minecraft:cyan_terracotta":7,"artifacts:panic_necklace":1,"luminousworld:tall_deadbush":2,"supplementaries:ash":23,"minecraft:cobblestone":718,"minecraft:pink_petals":226,"luminousworld:savannah_ground":6,"minecraft:feather":13,"minecraft:birch_slab":5,"minecraft:water_bucket":2,"minecraft:andesite":31,"minecraft:flint":1,"minecraft:tuff":4,"minecraft:smooth_sandstone_stairs":1,"minecraft:wither_skeleton_skull":1,"iceandfire:dragonscales_bronze":32,"minecraft:lapis_lazuli":81,"minecraft:dirt":906,"minecraft:lantern":1,"born_in_chaos_v1:monster_skin":3,"minecraft:bone":36,"minecraft:acacia_planks":33,"minecraft:bow":2,"minecraft:wheat_seeds":281,"minecraft:raw_gold":26,"luminousworld:elephant_grass":3,"minecraft:diamond_helmet":1,"minecraft:oak_planks":102,"minecraft:cooked_porkchop":12,"minecraft:stripped_acacia_wood":9,"iceandfire:dragon_skull_fire":4,"minecraft:sand":28,"minecraft:dark_prismarine":1,"minecraft:bundle":3,"minecraft:iron_hoe":1,"alexsmobs:guster_eye":2,"born_in_chaos_v1:fire_dust":2,"minecraft:diamond":28,"minecraft:spruce_boat":1,"minecraft:granite":1,"minecraft:emerald":6,"minecraft:bread":13,"minecraft:oak_sapling":51,"luminousworld:bao_bob_log":3,"iceandfire:raw_silver":15,"luminousworld:groundpebbles_1":6,"minecraft:crafting_table":16,"iceandfire:witherbone":17,"minecraft:clay_ball":4,"minecraft:wooden_pickaxe":1,"luminousworld:bao_bob_wood":2,"minecraft:chain":2,"minecraft:iron_axe":1,"minecraft:iron_shovel":1,"minecraft:netherite_sword":1,"minecraft:beef":6,"born_in_chaos_v1:gnawed_bones":2,"minecraft:player_head":1,"minecraft:poppy":11,"minecraft:sugar_cane":2,"minecraft:phantom_membrane":1,"minecraft:raw_iron":78,"minecraft:sandstone":11,"iceandfire:dragonbone":9,"minecraft:copper_ingot":3,"minecraft:spruce_fence":1,"minecraft:stone_button":1,"born_in_chaos_v1:pieceofdarkmetal":1,"minecraft:dark_oak_planks":9,"minecraft:arrow":6,"minecraft:diamond_boots":1,"minecraft:hay_block":14,"minecraft:saddle":1,"tombstone:essence_of_undeath":1,"minecraft:mutton":7,"minecraft:skeleton_skull":1,"minecraft:white_wool":3,"minecraft:stripped_oak_log":2,"born_in_chaos_v1:fused_bone":6,"born_in_chaos_v1:corpse_maggot":10,"minecraft:netherite_boots":1,"born_in_chaos_v1:monster_flesh":1,"minecraft:salmon":13,"minecraft:leather":8,"minecraft:acacia_wood":1,"enemyexpansion:headbiter_helmet":1,"minecraft:oak_log":170,"minecraft:yellow_bed":4,"minecraft:gunpowder":5,"minecraft:white_banner":1,"minecraft:apple":4,"minecraft:stone_bricks":8,"quark:glow_shroom":2,"minecraft:rabbit_hide":5,"minecraft:iron_ingot":22,"minecraft:stone_pickaxe":1,"minecraft:cobweb":1,"tombstone:bag_of_seeds":4,"iceandfire:fire_dragon_flesh":2,"minecraft:iron_sword":2,"mowziesmobs:umvuthana_mask_misery":2,"minecraft:dark_oak_stairs":1,"minecraft:book":51,"born_in_chaos_v1:orbofthe_summoner":1,"born_in_chaos_v1:ethereal_spirit":9,"minecraft:dandelion":12,"minecraft:dripstone_block":4,"minecraft:gravel":1,"born_in_chaos_v1:dark_rod":1,"minecraft:amethyst_shard":16,"minecraft:white_bed":12,"minecraft:spider_eye":2,"minecraft:stone_axe":1,"minecraft:chainmail_leggings":2,"minecraft:iron_helmet":1,"minecraft:birch_sign":4,"mowziesmobs:umvuthana_mask_fear":1,"tombstone:magic_scroll":2,"minecraft:black_wool":1,"minecraft:coal":142},"minecraft:dropped":{"minecraft:iron_sword":3,"iceandfire:raw_silver":1,"minecraft:porkchop":4,"minecraft:oak_log":1,"minecraft:diamond":3,"born_in_chaos_v1:pieceofdarkmetal":1,"minecraft:cyan_terracotta":7,"born_in_chaos_v1:monster_flesh":1,"minecraft:dirt":504,"tombstone:bag_of_seeds":3,"minecraft:stone_button":1,"luminousworld:bao_bob_wood":2,"born_in_chaos_v1:monster_skin":2,"minecraft:chain":2,"minecraft:sand":21,"minecraft:dark_oak_planks":2,"tombstone:lollipop":4,"minecraft:gravel":1,"minecraft:stone_axe":1,"minecraft:sugar_cane":2,"minecraft:cobbled_deepslate":18,"minecraft:golden_chestplate":1,"alexsmobs:animal_dictionary":1,"aether:golden_gloves":2,"tombstone:gift":1,"born_in_chaos_v1:ethereal_spirit":4,"minecraft:rotten_flesh":45,"luminousworld:tall_deadbush":2,"luminousworld:savannah_soil":2,"supplementaries:antique_ink":6,"minecraft:poppy":11,"luminousworld:grassflowers":2,"minecraft:gunpowder":2,"born_in_chaos_v1:corpse_maggot":6,"alexsmobs:guster_eye":2,"minecraft:leather_leggings":1,"minecraft:arrow":5,"minecraft:glass":1,"minecraft:water_bucket":1,"minecraft:wheat_seeds":221,"minecraft:feather":13,"minecraft:cobblestone":183,"mowziesmobs:umvuthana_mask_fear":1,"minecraft:copper_ingot":1,"minecraft:coal":2,"minecraft:stick":10,"born_in_chaos_v1:gnawed_bones":2,"minecraft:torch":23,"tombstone:grave_key":1,"luminousworld:savannah_ground":4,"born_in_chaos_v1:fused_bone":6,"minecraft:diamond_helmet":2,"tombstone:grave_dust":17,"minecraft:iron_leggings":1,"minecraft:pumpkin":2,"minecraft:white_banner":1,"minecraft:chainmail_leggings":1,"minecraft:string":2,"minecraft:pink_petals":231,"minecraft:acacia_planks":1,"iceandfire:dragon_skull_fire":2,"minecraft:dandelion":10,"luminousworld:bao_bab_sapling":1,"minecraft:stone_sword":2,"minecraft:smooth_stone_slab":1,"minecraft:tuff":4,"minecraft:clay_ball":4,"minecraft:stripped_oak_log":1,"minecraft:spruce_fence":1,"minecraft:stone":1,"iceandfire:rotten_egg":1,"mowziesmobs:umvuthana_mask_misery":1,"minecraft:spruce_planks":1,"minecraft:bundle":2,"minecraft:iron_chestplate":1,"luminousworld:groundpebbles_1":5,"minecraft:andesite":31,"minecraft:oak_sapling":1,"minecraft:golden_sword":1,"minecraft:spider_eye":2,"minecraft:birch_sign":4,"minecraft:stone_bricks":1,"minecraft:bamboo":1,"minecraft:diamond_boots":1,"luminousworld:elephant_grass":3,"minecraft:red_sand":8,"minecraft:stone_pickaxe":1,"minecraft:wooden_pickaxe":2,"minecraft:dark_prismarine":1,"minecraft:black_wool":1},"minecraft:custom":{"minecraft:interact_with_crafting_table":60,"minecraft:open_barrel":23,"minecraft:leave_game":18,"minecraft:time_since_death":359,"minecraft:damage_resisted":202,"minecraft:sprint_one_cm":1005885,"minecraft:damage_blocked_by_shield":2147483647,"tombstone:eaten_lollipop":4,"minecraft:drop":250,"minecraft:play_time":668514,"minecraft:deaths":49,"minecraft:jump":10949,"minecraft:walk_on_water_one_cm":135556,"minecraft:interact_with_furnace":56,"minecraft:interact_with_loom":2,"minecraft:sleep_in_bed":21,"minecraft:damage_dealt":49249,"minecraft:player_kills":1,"minecraft:crouch_one_cm":54710,"tombstone:undead_killed":77,"minecraft:horse_one_cm":33041,"minecraft:interact_with_smithing_table":3,"minecraft:mob_kills":177,"minecraft:damage_dealt_resisted":1771,"minecraft:climb_one_cm":9629,"minecraft:walk_one_cm":1604212,"minecraft:sneak_time":22108,"minecraft:walk_under_water_one_cm":64002,"minecraft:boat_one_cm":49681,"minecraft:interact_with_blast_furnace":1,"minecraft:total_world_time":668514,"tombstone:raider_killed":9,"minecraft:time_since_rest":256,"minecraft:damage_taken":2147483647,"minecraft:damage_absorbed":536,"minecraft:trigger_trapped_chest":2,"tombstone:cast_on_ally":1,"minecraft:swim_one_cm":83116,"minecraft:fly_one_cm":3325183,"minecraft:open_chest":77,"minecraft:fall_one_cm":302411},"minecraft:killed":{"luminousworld:miner_zombie":1,"naturalist:rattlesnake":1,"born_in_chaos_v1:restless_spirit":2,"born_in_chaos_v1:skeleton_demoman":1,"minecraft:spider":6,"undead_revamp2:thesmoker":2,"born_in_chaos_v1:siamese_skeletonsright":1,"illagerinvasion:basher":1,"born_in_chaos_v1:scarlet_persecutor":2,"minecraft:skeleton":4,"mowziesmobs:umvuthana_crane":7,"illagerinvasion:provoker":2,"born_in_chaos_v1:skeleton_thrasher":1,"undead_revamp2:therod":1,"minecraft:silverfish":1,"artifacts:mimic":1,"minecraft:pig":3,"born_in_chaos_v1:dread_hound_not_despawn":2,"undead_revamp2:thebeartamer":2,"minecraft:sheep":4,"luminousworld:savannah_skeleton":1,"minecraft:zombie":11,"born_in_chaos_v1:dread_hound":1,"enemyexpansion:vampire":1,"born_in_chaos_v1:corpse_fly":2,"enemyexpansion:botfly":1,"born_in_chaos_v1:door_knight":1,"born_in_chaos_v1:siamese_skeletonsleft":1,"minecraft:cow":3,"minecraft:vex":1,"undead_revamp2:thehunter":2,"undead_revamp2:thegliter":1,"enemyexpansion:vampbiter":1,"alexsmobs:tiger":2,"minecraft:vindicator":3,"illagerinvasion:marauder":1,"enemyexpansion:direwolf":14,"born_in_chaos_v1:maggot":9,"minecraft:phantom":2,"iceandfire:fire_dragon":1,"enemyexpansion:silverqueen":1,"undead_revamp2:thehorrors":1,"luminousworld:savannah_zombie":2,"mowziesmobs:umvuthana":12,"born_in_chaos_v1:fallen_chaos_knight":1,"minecraft:husk":1,"alexsmobs:guster":4,"born_in_chaos_v1:baby_skeleton":1,"enemyexpansion:sprinter":1,"minecraft:hoglin":2,"born_in_chaos_v1:decrepit_skeleton":3,"born_in_chaos_v1:bloody_gadfly":1,"iceandfire:ghost":4,"born_in_chaos_v1:dark_vortex":1,"minecraft:wither_skeleton":28,"enemyexpansion:slugger":1}},"DataVersion":3465}