{"stats":{"minecraft:killed":{"luminousworld:miner_zombie":1,"naturalist:rattlesnake":1,"born_in_chaos_v1:restless_spirit":2,"born_in_chaos_v1:skeleton_demoman":1,"minecraft:spider":2,"undead_revamp2:thesmoker":1,"born_in_chaos_v1:siamese_skeletonsright":1,"illagerinvasion:basher":1,"born_in_chaos_v1:scarlet_persecutor":2,"minecraft:skeleton":2,"mowziesmobs:umvuthana_crane":7,"illagerinvasion:provoker":2,"born_in_chaos_v1:skeleton_thrasher":1,"born_in_chaos_v1:dread_hound_not_despawn":2,"undead_revamp2:thebeartamer":2,"minecraft:sheep":4,"luminousworld:savannah_skeleton":1,"minecraft:zombie":4,"born_in_chaos_v1:dread_hound":1,"born_in_chaos_v1:corpse_fly":2,"born_in_chaos_v1:door_knight":1,"born_in_chaos_v1:siamese_skeletonsleft":1,"minecraft:cow":2,"minecraft:vex":1,"minecraft:vindicator":3,"illagerinvasion:marauder":1,"enemyexpansion:direwolf":4,"born_in_chaos_v1:maggot":6,"luminousworld:savannah_zombie":2,"mowziesmobs:umvuthana":12,"born_in_chaos_v1:fallen_chaos_knight":1,"minecraft:husk":1,"alexsmobs:guster":4,"born_in_chaos_v1:baby_skeleton":1,"minecraft:hoglin":2,"born_in_chaos_v1:decrepit_skeleton":3,"iceandfire:ghost":4,"minecraft:wither_skeleton":4},"minecraft:killed_by":{"undead_revamp2:sucker":1,"minecraft:wither_skeleton":10,"earthmobsmod:bouldering_zombie":1,"mowziesmobs:umvuthi":6,"born_in_chaos_v1:scarlet_persecutor":2,"minecraft:player":1,"born_in_chaos_v1:decaying_zombie":1,"iceandfire:gorgon":1,"minecraft:hoglin":4,"iceandfire:lightning_dragon":4},"minecraft:mined":{"minecraft:spruce_planks":18,"minecraft:white_bed":8,"minecraft:acacia_log":12,"luminousworld:savanna_grass_2":6,"minecraft:chiseled_stone_bricks":1,"minecraft:spawner":6,"minecraft:iron_ore":40,"iceandfire:crackled_dirt":1,"minecraft:azure_bluet":1,"minecraft:dirt_path":1,"luminousworld:tall_deadbush":1,"minecraft:melon_stem":1,"minecraft:torch":2,"quark:blossom_log":8,"minecraft:sugar_cane":2,"minecraft:oak_planks":23,"minecraft:skeleton_skull":1,"minecraft:wheat":57,"luminousworld:bao_bob_log":1,"minecraft:tnt":1,"minecraft:grass":7,"minecraft:oak_log":6,"minecraft:acacia_fence":1,"minecraft:sand":2,"minecraft:dirt":4,"luminousworld:grassvariant_3":2,"luminousworld:savannah_grass_4":4,"minecraft:oak_leaves":5,"luminousworld:savannah_ground":6,"luminousworld:groundpebbles_1":1,"iceandfire:silver_ore":4,"minecraft:spruce_fence":1,"luminousworld:grassvariant_2":1,"minecraft:birch_slab":5,"minecraft:sandstone":12,"minecraft:hay_block":14,"minecraft:furnace":1,"minecraft:bookshelf":17,"minecraft:deepslate_iron_ore":1,"minecraft:stone":114,"luminousworld:savannah_soil":8,"minecraft:crafting_table":7,"luminousworld:savannah_grass_1":3,"minecraft:tall_grass":3,"minecraft:copper_ore":4,"minecraft:lapis_ore":8,"minecraft:diorite":7,"minecraft:spruce_stairs":1,"minecraft:yellow_bed":1,"minecraft:coal_ore":44,"minecraft:dripstone_block":2,"minecraft:cobweb":48,"minecraft:acacia_planks":2,"minecraft:stripped_acacia_wood":9,"minecraft:stone_bricks":1,"luminousworld:elephant_grass":1},"minecraft:used":{"minecraft:shield":117,"minecraft:iron_sword":89,"tombstone:lollipop":1,"luminousworld:savannah_ground":2,"born_in_chaos_v1:corpse_maggot":4,"supplementaries:bomb_blue":1,"minecraft:golden_sword":30,"minecraft:furnace":3,"minecraft:acacia_fence":1,"minecraft:diorite":7,"minecraft:stone_pickaxe":131,"minecraft:oak_planks":60,"minecraft:wooden_pickaxe":47,"minecraft:sandstone":11,"minecraft:diamond_axe":38,"minecraft:golden_apple":5,"minecraft:sand":7,"minecraft:dripstone_block":4,"minecraft:birch_slab":5,"minecraft:bread":66,"tombstone:grave_key":13,"minecraft:diamond_sword":397,"minecraft:cobweb":10,"minecraft:stripped_acacia_wood":8,"minecraft:stone_sword":145,"minecraft:spruce_planks":7,"luminousworld:bao_bob_log":1,"minecraft:torch":7,"minecraft:dirt":5,"minecraft:granite":1,"minecraft:iron_axe":4,"minecraft:golden_carrot":6,"luminousworld:savannah_soil":5,"tombstone:gift":7,"minecraft:cooked_beef":1,"minecraft:acacia_planks":49,"minecraft:cooked_mutton":6,"minecraft:water_bucket":85,"minecraft:crafting_table":14,"supplementaries:bomb":2,"minecraft:white_bed":7,"minecraft:diamond_pickaxe":66,"minecraft:iron_pickaxe":3,"tombstone:magic_scroll":1,"minecraft:stone_axe":72,"minecraft:cobblestone":92,"minecraft:cooked_porkchop":19,"minecraft:bucket":85,"minecraft:yellow_bed":1},"minecraft:crafted":{"minecraft:oak_planks":16,"minecraft:cooked_mutton":7,"minecraft:iron_boots":1,"minecraft:diamond_helmet":1,"minecraft:diamond_leggings":1,"quark:blossom_planks":32,"sophisticatedbackpacks:backpack":1,"minecraft:diamond_axe":1,"minecraft:crafting_table":7,"minecraft:wooden_pickaxe":1,"minecraft:iron_helmet":1,"minecraft:diamond_pickaxe":1,"minecraft:shield":3,"minecraft:stick":48,"minecraft:iron_ingot":40,"minecraft:iron_pickaxe":1,"minecraft:stone_sword":1,"minecraft:furnace":2,"quark:acacia_chest":1,"minecraft:iron_axe":1,"minecraft:stone_pickaxe":1,"minecraft:diamond_boots":1,"minecraft:wheat":126,"minecraft:cooked_beef":4,"minecraft:diamond_sword":1,"minecraft:iron_sword":1,"minecraft:bucket":1,"minecraft:stone_axe":1,"minecraft:bread":59,"minecraft:air":0,"minecraft:white_bed":1,"minecraft:acacia_planks":48,"minecraft:torch":36,"luminousworld:baobab_plank":8,"minecraft:diamond_chestplate":1},"minecraft:broken":{"minecraft:diamond_helmet":1,"minecraft:iron_boots":1,"minecraft:stone_pickaxe":1,"minecraft:diamond_boots":1,"minecraft:diamond_chestplate":1,"minecraft:stone_sword":1,"minecraft:diamond_leggings":1,"minecraft:shield":2,"minecraft:iron_helmet":1},"minecraft:custom":{"minecraft:interact_with_crafting_table":28,"minecraft:open_barrel":10,"minecraft:leave_game":11,"minecraft:time_since_death":6357,"minecraft:sprint_one_cm":409497,"minecraft:damage_blocked_by_shield":2147483647,"minecraft:drop":116,"tombstone:eaten_lollipop":1,"minecraft:play_time":239258,"minecraft:deaths":32,"minecraft:jump":5296,"minecraft:walk_on_water_one_cm":54112,"minecraft:interact_with_furnace":24,"minecraft:sleep_in_bed":7,"minecraft:damage_dealt":25183,"minecraft:crouch_one_cm":10197,"tombstone:undead_killed":32,"minecraft:mob_kills":98,"minecraft:damage_dealt_resisted":1615,"minecraft:climb_one_cm":6141,"minecraft:walk_one_cm":563990,"minecraft:sneak_time":4195,"minecraft:walk_under_water_one_cm":21485,"minecraft:boat_one_cm":49681,"minecraft:total_world_time":239258,"tombstone:raider_killed":7,"minecraft:time_since_rest":6170,"minecraft:damage_taken":2147483647,"minecraft:damage_absorbed":200,"minecraft:trigger_trapped_chest":2,"tombstone:cast_on_ally":1,"minecraft:swim_one_cm":51597,"minecraft:fly_one_cm":1148530,"minecraft:open_chest":33,"minecraft:fall_one_cm":158178},"minecraft:picked_up":{"minecraft:iron_chestplate":1,"minecraft:wheat":51,"minecraft:diamond_sword":1,"tombstone:grave_key":1,"minecraft:string":49,"minecraft:raw_copper":16,"minecraft:iron_leggings":1,"minecraft:red_sand":8,"minecraft:spruce_planks":18,"minecraft:furnace":1,"minecraft:iron_boots":1,"luminousworld:bao_bab_sapling":1,"minecraft:stick":1,"minecraft:acacia_fence":1,"minecraft:torch":3,"minecraft:acacia_log":11,"quark:blossom_log":8,"luminousworld:savannah_soil":9,"minecraft:porkchop":4,"tombstone:grave_dust":6,"minecraft:diorite":11,"tombstone:lollipop":5,"minecraft:stone_sword":1,"minecraft:rotten_flesh":33,"luminousworld:tall_deadbush":2,"supplementaries:ash":12,"minecraft:cobblestone":126,"luminousworld:savannah_ground":6,"minecraft:feather":13,"minecraft:birch_slab":5,"minecraft:water_bucket":2,"minecraft:lapis_lazuli":58,"minecraft:dirt":11,"born_in_chaos_v1:monster_skin":3,"minecraft:bone":13,"minecraft:acacia_planks":31,"minecraft:bow":1,"minecraft:wheat_seeds":260,"luminousworld:elephant_grass":3,"minecraft:diamond_helmet":1,"minecraft:oak_planks":63,"minecraft:cooked_porkchop":9,"minecraft:stripped_acacia_wood":9,"minecraft:sand":28,"minecraft:bundle":2,"alexsmobs:guster_eye":2,"minecraft:diamond":25,"minecraft:spruce_boat":1,"minecraft:granite":1,"minecraft:emerald":2,"minecraft:bread":12,"minecraft:oak_sapling":1,"luminousworld:bao_bob_log":3,"iceandfire:raw_silver":4,"minecraft:crafting_table":7,"iceandfire:witherbone":4,"minecraft:wooden_pickaxe":1,"luminousworld:bao_bob_wood":2,"minecraft:chain":1,"minecraft:iron_axe":1,"minecraft:beef":4,"born_in_chaos_v1:gnawed_bones":2,"minecraft:poppy":11,"minecraft:sugar_cane":2,"minecraft:raw_iron":40,"minecraft:sandstone":11,"minecraft:copper_ingot":2,"minecraft:spruce_fence":1,"born_in_chaos_v1:pieceofdarkmetal":1,"minecraft:arrow":2,"minecraft:hay_block":14,"minecraft:saddle":1,"minecraft:mutton":7,"minecraft:skeleton_skull":1,"minecraft:white_wool":3,"born_in_chaos_v1:fused_bone":6,"born_in_chaos_v1:corpse_maggot":10,"born_in_chaos_v1:monster_flesh":1,"minecraft:leather":7,"minecraft:oak_log":5,"minecraft:yellow_bed":1,"minecraft:gunpowder":2,"minecraft:white_banner":1,"minecraft:stone_bricks":1,"minecraft:iron_ingot":1,"minecraft:stone_pickaxe":1,"tombstone:bag_of_seeds":3,"mowziesmobs:umvuthana_mask_misery":2,"minecraft:iron_sword":2,"minecraft:book":51,"born_in_chaos_v1:ethereal_spirit":8,"minecraft:dandelion":9,"minecraft:dripstone_block":4,"born_in_chaos_v1:dark_rod":1,"minecraft:white_bed":6,"minecraft:spider_eye":1,"minecraft:stone_axe":1,"minecraft:iron_helmet":1,"minecraft:chainmail_leggings":1,"mowziesmobs:umvuthana_mask_fear":1,"tombstone:magic_scroll":1,"minecraft:black_wool":1,"minecraft:coal":51},"minecraft:dropped":{"minecraft:iron_sword":3,"iceandfire:raw_silver":1,"minecraft:porkchop":4,"minecraft:oak_log":1,"born_in_chaos_v1:pieceofdarkmetal":1,"born_in_chaos_v1:monster_flesh":1,"minecraft:dirt":6,"tombstone:bag_of_seeds":2,"luminousworld:bao_bob_wood":2,"born_in_chaos_v1:monster_skin":2,"minecraft:chain":1,"minecraft:sand":21,"tombstone:lollipop":4,"minecraft:stone_axe":1,"minecraft:sugar_cane":2,"alexsmobs:animal_dictionary":1,"born_in_chaos_v1:ethereal_spirit":4,"minecraft:rotten_flesh":29,"luminousworld:tall_deadbush":2,"luminousworld:savannah_soil":2,"minecraft:poppy":11,"minecraft:gunpowder":2,"born_in_chaos_v1:corpse_maggot":5,"alexsmobs:guster_eye":2,"minecraft:water_bucket":1,"minecraft:wheat_seeds":200,"mowziesmobs:umvuthana_mask_fear":1,"minecraft:coal":2,"born_in_chaos_v1:gnawed_bones":2,"tombstone:grave_key":1,"luminousworld:savannah_ground":4,"born_in_chaos_v1:fused_bone":4,"minecraft:diamond_helmet":2,"tombstone:grave_dust":7,"minecraft:pumpkin":2,"minecraft:white_banner":1,"minecraft:acacia_planks":1,"minecraft:dandelion":9,"luminousworld:bao_bab_sapling":1,"minecraft:stone_sword":1,"minecraft:spruce_fence":1,"iceandfire:rotten_egg":1,"mowziesmobs:umvuthana_mask_misery":1,"minecraft:bundle":2,"minecraft:spruce_planks":1,"minecraft:golden_sword":1,"minecraft:stone_bricks":1,"minecraft:spider_eye":1,"luminousworld:elephant_grass":3,"minecraft:red_sand":8,"minecraft:stone_pickaxe":1,"minecraft:wooden_pickaxe":2,"minecraft:black_wool":1}},"DataVersion":3465}