{"stats":{"minecraft:dropped":{"iceandfire:raw_silver":1,"minecraft:sugar_cane":1,"minecraft:wheat_seeds":126,"luminousworld:bao_bab_sapling":1,"alexsmobs:animal_dictionary":1,"luminousworld:savannah_soil":1,"born_in_chaos_v1:gnawed_bones":2,"minecraft:gunpowder":2,"luminousworld:bao_bob_wood":1,"iceandfire:rotten_egg":1,"born_in_chaos_v1:monster_skin":2,"luminousworld:savannah_ground":1,"minecraft:wooden_pickaxe":1,"minecraft:stone_pickaxe":1,"minecraft:black_wool":1,"tombstone:lollipop":2},"minecraft:killed":{"luminousworld:miner_zombie":1,"born_in_chaos_v1:fallen_chaos_knight":1,"born_in_chaos_v1:skeleton_demoman":1,"born_in_chaos_v1:scarlet_persecutor":2,"born_in_chaos_v1:maggot":5,"minecraft:sheep":4,"minecraft:skeleton":1,"minecraft:zombie":2,"born_in_chaos_v1:dread_hound":1,"born_in_chaos_v1:door_knight":1},"minecraft:crafted":{"minecraft:crafting_table":2,"minecraft:wooden_pickaxe":1,"minecraft:furnace":1,"minecraft:stone_axe":1,"minecraft:bread":59,"minecraft:cooked_mutton":5,"minecraft:air":0,"minecraft:shield":1,"minecraft:stick":8,"minecraft:iron_ingot":8,"minecraft:stone_pickaxe":1,"minecraft:stone_sword":1,"minecraft:white_bed":1,"minecraft:acacia_planks":20,"minecraft:torch":4,"luminousworld:baobab_plank":8,"minecraft:wheat":126},"minecraft:custom":{"minecraft:interact_with_furnace":15,"minecraft:mob_kills":19,"minecraft:interact_with_crafting_table":11,"minecraft:damage_dealt_resisted":581,"minecraft:leave_game":4,"minecraft:time_since_death":13120,"minecraft:sleep_in_bed":3,"minecraft:time_since_rest":3935,"minecraft:sprint_one_cm":103730,"minecraft:damage_taken":1837,"minecraft:walk_one_cm":179957,"minecraft:damage_blocked_by_shield":355,"minecraft:drop":19,"minecraft:damage_dealt":3386,"minecraft:swim_one_cm":1301,"minecraft:fly_one_cm":252625,"minecraft:open_chest":3,"minecraft:crouch_one_cm":2737,"minecraft:play_time":82876,"tombstone:undead_killed":7,"minecraft:deaths":2,"minecraft:sneak_time":987,"minecraft:walk_under_water_one_cm":3671,"minecraft:jump":1347,"minecraft:walk_on_water_one_cm":3380,"minecraft:total_world_time":82876,"minecraft:fall_one_cm":33943},"minecraft:mined":{"luminousworld:savannah_soil":4,"luminousworld:groundpebbles_1":1,"minecraft:white_bed":5,"iceandfire:silver_ore":1,"minecraft:melon_stem":1,"minecraft:crafting_table":5,"minecraft:torch":1,"luminousworld:savannah_grass_1":1,"minecraft:acacia_log":5,"minecraft:copper_ore":4,"minecraft:tall_grass":2,"minecraft:lapis_ore":8,"minecraft:sugar_cane":2,"minecraft:diorite":7,"minecraft:sandstone":10,"luminousworld:savanna_grass_2":2,"minecraft:hay_block":14,"minecraft:furnace":1,"minecraft:iron_ore":40,"minecraft:wheat":57,"luminousworld:bao_bob_log":1,"minecraft:coal_ore":21,"minecraft:deepslate_iron_ore":1,"minecraft:dirt_path":1,"minecraft:sand":2,"minecraft:acacia_fence":1,"minecraft:dripstone_block":2,"minecraft:dirt":4,"minecraft:stone":80,"luminousworld:elephant_grass":1,"luminousworld:savannah_grass_4":1,"luminousworld:savannah_ground":2},"minecraft:killed_by":{"born_in_chaos_v1:scarlet_persecutor":2},"minecraft:used":{"minecraft:cooked_mutton":3,"minecraft:water_bucket":11,"minecraft:diorite":7,"minecraft:stone_sword":117,"minecraft:stone_pickaxe":131,"minecraft:wooden_pickaxe":45,"minecraft:shield":11,"luminousworld:bao_bob_log":1,"luminousworld:savannah_ground":1,"minecraft:torch":3,"minecraft:dirt":5,"minecraft:crafting_table":6,"minecraft:white_bed":4,"minecraft:dripstone_block":2,"minecraft:granite":1,"minecraft:bread":23,"minecraft:stone_axe":5,"minecraft:cobblestone":25,"luminousworld:savannah_soil":3,"minecraft:furnace":1,"minecraft:acacia_fence":1,"minecraft:bucket":11,"minecraft:acacia_planks":3},"minecraft:broken":{"minecraft:stone_pickaxe":1},"minecraft:picked_up":{"born_in_chaos_v1:corpse_maggot":5,"minecraft:crafting_table":5,"luminousworld:savannah_ground":2,"minecraft:wheat":51,"minecraft:water_bucket":1,"minecraft:wooden_pickaxe":1,"luminousworld:bao_bob_wood":2,"minecraft:gunpowder":2,"minecraft:lapis_lazuli":58,"minecraft:dirt":5,"minecraft:raw_copper":16,"born_in_chaos_v1:monster_skin":3,"minecraft:bone":3,"minecraft:wheat_seeds":126,"minecraft:iron_ingot":1,"minecraft:stone_pickaxe":1,"born_in_chaos_v1:gnawed_bones":2,"minecraft:sugar_cane":1,"minecraft:furnace":1,"luminousworld:bao_bab_sapling":1,"minecraft:raw_iron":40,"minecraft:sandstone":10,"minecraft:acacia_fence":1,"minecraft:torch":2,"born_in_chaos_v1:ethereal_spirit":3,"minecraft:acacia_log":5,"minecraft:dripstone_block":4,"luminousworld:savannah_soil":5,"minecraft:sand":2,"born_in_chaos_v1:dark_rod":1,"tombstone:grave_dust":2,"minecraft:diorite":11,"minecraft:white_bed":4,"tombstone:lollipop":2,"minecraft:rotten_flesh":2,"minecraft:stone_sword":1,"minecraft:stone_axe":1,"minecraft:hay_block":14,"minecraft:granite":1,"luminousworld:bao_bob_log":3,"minecraft:black_wool":1,"minecraft:mutton":7,"minecraft:coal":20,"minecraft:white_wool":3,"iceandfire:raw_silver":1,"minecraft:cobblestone":83}},"DataVersion":3465}