{"stats":{"minecraft:dropped":{"iceandfire:raw_silver":1,"minecraft:porkchop":4,"minecraft:wheat_seeds":126,"minecraft:oak_log":1,"born_in_chaos_v1:pieceofdarkmetal":1,"minecraft:coal":2,"born_in_chaos_v1:gnawed_bones":2,"luminousworld:bao_bob_wood":2,"born_in_chaos_v1:monster_skin":2,"tombstone:grave_key":1,"luminousworld:savannah_ground":1,"minecraft:diamond_helmet":2,"tombstone:grave_dust":3,"minecraft:pumpkin":2,"tombstone:lollipop":4,"minecraft:sugar_cane":1,"luminousworld:bao_bab_sapling":1,"alexsmobs:animal_dictionary":1,"minecraft:rotten_flesh":10,"luminousworld:savannah_soil":2,"minecraft:gunpowder":2,"iceandfire:rotten_egg":1,"minecraft:golden_sword":1,"minecraft:wooden_pickaxe":1,"minecraft:stone_pickaxe":1,"minecraft:black_wool":1},"minecraft:killed":{"luminousworld:miner_zombie":1,"born_in_chaos_v1:skeleton_demoman":1,"minecraft:spider":1,"undead_revamp2:thesmoker":1,"enemyexpansion:direwolf":1,"born_in_chaos_v1:scarlet_persecutor":2,"born_in_chaos_v1:maggot":5,"minecraft:skeleton":1,"born_in_chaos_v1:skeleton_thrasher":1,"luminousworld:savannah_zombie":1,"born_in_chaos_v1:fallen_chaos_knight":1,"alexsmobs:guster":3,"undead_revamp2:thebeartamer":1,"minecraft:hoglin":2,"born_in_chaos_v1:decrepit_skeleton":1,"minecraft:sheep":4,"luminousworld:savannah_skeleton":1,"iceandfire:ghost":2,"minecraft:zombie":2,"born_in_chaos_v1:dread_hound":1,"born_in_chaos_v1:corpse_fly":1,"born_in_chaos_v1:door_knight":1,"minecraft:wither_skeleton":4,"minecraft:cow":2},"minecraft:crafted":{"minecraft:oak_planks":16,"minecraft:furnace":1,"minecraft:cooked_mutton":5,"quark:acacia_chest":1,"minecraft:diamond_helmet":1,"minecraft:diamond_leggings":1,"minecraft:iron_axe":1,"minecraft:stone_pickaxe":1,"minecraft:diamond_boots":1,"minecraft:wheat":126,"minecraft:diamond_sword":1,"sophisticatedbackpacks:backpack":1,"minecraft:diamond_axe":1,"minecraft:crafting_table":3,"minecraft:wooden_pickaxe":1,"minecraft:iron_sword":1,"minecraft:stone_axe":1,"minecraft:bread":59,"minecraft:air":0,"minecraft:diamond_pickaxe":1,"minecraft:shield":1,"minecraft:stick":48,"minecraft:iron_ingot":8,"minecraft:iron_pickaxe":1,"minecraft:stone_sword":1,"minecraft:white_bed":1,"minecraft:acacia_planks":48,"minecraft:torch":36,"luminousworld:baobab_plank":8,"minecraft:diamond_chestplate":1},"minecraft:custom":{"minecraft:mob_kills":42,"minecraft:interact_with_crafting_table":20,"minecraft:open_barrel":8,"minecraft:damage_dealt_resisted":1290,"minecraft:leave_game":7,"minecraft:time_since_death":21435,"minecraft:sprint_one_cm":215658,"minecraft:walk_one_cm":335950,"minecraft:damage_blocked_by_shield":965,"minecraft:drop":37,"minecraft:play_time":149221,"minecraft:sneak_time":3644,"minecraft:deaths":19,"minecraft:walk_under_water_one_cm":7248,"minecraft:jump":2828,"minecraft:walk_on_water_one_cm":28290,"minecraft:total_world_time":149221,"minecraft:interact_with_furnace":19,"minecraft:sleep_in_bed":4,"minecraft:time_since_rest":20101,"minecraft:damage_taken":8300,"minecraft:damage_absorbed":40,"minecraft:trigger_trapped_chest":1,"minecraft:damage_dealt":11331,"minecraft:swim_one_cm":7874,"minecraft:fly_one_cm":590150,"minecraft:open_chest":14,"minecraft:crouch_one_cm":8925,"tombstone:undead_killed":19,"minecraft:fall_one_cm":72748},"minecraft:mined":{"luminousworld:groundpebbles_1":1,"minecraft:spruce_planks":18,"minecraft:white_bed":5,"iceandfire:silver_ore":1,"minecraft:acacia_log":12,"minecraft:birch_slab":5,"minecraft:sandstone":12,"luminousworld:savanna_grass_2":3,"minecraft:spawner":3,"minecraft:hay_block":14,"minecraft:furnace":1,"minecraft:iron_ore":40,"minecraft:azure_bluet":1,"minecraft:deepslate_iron_ore":1,"minecraft:dirt_path":1,"minecraft:stone":80,"luminousworld:savannah_soil":4,"minecraft:melon_stem":1,"minecraft:crafting_table":6,"minecraft:torch":2,"luminousworld:savannah_grass_1":1,"minecraft:tall_grass":3,"minecraft:copper_ore":4,"minecraft:lapis_ore":8,"minecraft:sugar_cane":2,"minecraft:oak_planks":23,"minecraft:diorite":7,"minecraft:wheat":57,"luminousworld:bao_bob_log":1,"minecraft:yellow_bed":1,"minecraft:grass":1,"minecraft:oak_log":6,"minecraft:coal_ore":21,"minecraft:acacia_fence":1,"minecraft:dripstone_block":2,"minecraft:sand":2,"minecraft:dirt":4,"minecraft:cobweb":12,"minecraft:acacia_planks":2,"minecraft:stripped_acacia_wood":9,"luminousworld:savannah_grass_4":2,"luminousworld:elephant_grass":1,"minecraft:oak_leaves":5,"luminousworld:savannah_ground":2},"minecraft:killed_by":{"minecraft:player":1,"minecraft:wither_skeleton":10,"born_in_chaos_v1:decaying_zombie":1,"minecraft:hoglin":4,"born_in_chaos_v1:scarlet_persecutor":2},"minecraft:used":{"minecraft:stripped_acacia_wood":8,"minecraft:stone_sword":145,"minecraft:spruce_planks":5,"minecraft:shield":38,"minecraft:iron_sword":89,"luminousworld:bao_bob_log":1,"luminousworld:savannah_ground":1,"minecraft:torch":6,"minecraft:dirt":5,"minecraft:granite":1,"minecraft:iron_axe":4,"supplementaries:bomb_blue":1,"minecraft:golden_sword":30,"minecraft:golden_carrot":1,"luminousworld:savannah_soil":3,"minecraft:furnace":2,"minecraft:acacia_fence":1,"tombstone:gift":4,"minecraft:acacia_planks":49,"minecraft:cooked_mutton":5,"minecraft:water_bucket":13,"minecraft:diorite":7,"minecraft:stone_pickaxe":131,"minecraft:oak_planks":56,"minecraft:wooden_pickaxe":47,"minecraft:sandstone":11,"minecraft:diamond_axe":5,"minecraft:golden_apple":1,"minecraft:sand":2,"minecraft:crafting_table":9,"supplementaries:bomb":2,"minecraft:white_bed":5,"minecraft:dripstone_block":4,"minecraft:birch_slab":5,"minecraft:bread":37,"minecraft:iron_pickaxe":3,"tombstone:grave_key":7,"minecraft:stone_axe":72,"minecraft:diamond_sword":50,"minecraft:cobblestone":76,"minecraft:cooked_porkchop":1,"minecraft:bucket":12,"minecraft:yellow_bed":1,"minecraft:cobweb":10},"minecraft:broken":{"minecraft:stone_sword":1,"minecraft:stone_pickaxe":1},"minecraft:picked_up":{"minecraft:crafting_table":6,"minecraft:wheat":51,"iceandfire:witherbone":4,"minecraft:wooden_pickaxe":1,"luminousworld:bao_bob_wood":2,"tombstone:grave_key":1,"minecraft:string":12,"minecraft:raw_copper":16,"minecraft:iron_axe":1,"minecraft:spruce_planks":18,"minecraft:beef":4,"born_in_chaos_v1:gnawed_bones":2,"minecraft:sugar_cane":1,"minecraft:furnace":1,"luminousworld:bao_bab_sapling":1,"minecraft:stick":1,"minecraft:raw_iron":40,"minecraft:sandstone":11,"minecraft:acacia_fence":1,"minecraft:copper_ingot":2,"minecraft:torch":3,"minecraft:acacia_log":11,"luminousworld:savannah_soil":5,"minecraft:porkchop":4,"minecraft:diorite":11,"tombstone:grave_dust":6,"born_in_chaos_v1:pieceofdarkmetal":1,"tombstone:lollipop":4,"minecraft:stone_sword":1,"minecraft:arrow":1,"minecraft:rotten_flesh":17,"minecraft:hay_block":14,"minecraft:saddle":1,"supplementaries:ash":11,"minecraft:mutton":7,"minecraft:cobblestone":92,"minecraft:white_wool":3,"born_in_chaos_v1:corpse_maggot":5,"luminousworld:savannah_ground":2,"minecraft:birch_slab":5,"minecraft:water_bucket":1,"minecraft:leather":7,"minecraft:oak_log":5,"minecraft:yellow_bed":1,"minecraft:gunpowder":2,"minecraft:lapis_lazuli":58,"minecraft:dirt":5,"born_in_chaos_v1:monster_skin":3,"minecraft:bone":10,"minecraft:acacia_planks":31,"minecraft:wheat_seeds":254,"minecraft:iron_ingot":1,"minecraft:stone_pickaxe":1,"minecraft:diamond_helmet":1,"minecraft:oak_planks":63,"minecraft:cooked_porkchop":9,"born_in_chaos_v1:ethereal_spirit":3,"minecraft:stripped_acacia_wood":9,"minecraft:dripstone_block":4,"minecraft:sand":5,"born_in_chaos_v1:dark_rod":1,"minecraft:white_bed":4,"minecraft:bundle":1,"alexsmobs:guster_eye":1,"minecraft:diamond":25,"minecraft:stone_axe":1,"minecraft:granite":1,"minecraft:oak_sapling":1,"luminousworld:bao_bob_log":3,"minecraft:black_wool":1,"minecraft:coal":28,"iceandfire:raw_silver":1}},"DataVersion":3465}