{"stats":{"minecraft:crafted":{"minecraft:oak_planks":100,"ecologics:walnut_planks":32,"minecraft:cooked_chicken":1,"quark:cherry_chest":4,"minecraft:cooked_mutton":7,"quark:carrot_crate":1,"minecraft:cooked_rabbit":1,"minecraft:wooden_shovel":1,"minecraft:cooked_porkchop":18,"minecraft:crafting_table":5,"minecraft:spruce_planks":12,"minecraft:wooden_pickaxe":1,"minecraft:baked_potato":13,"minecraft:wooden_hoe":4,"minecraft:shield":1,"minecraft:stick":72,"minecraft:iron_ingot":66,"minecraft:iron_pickaxe":1,"minecraft:stone_sword":1,"minecraft:gold_ingot":9,"minecraft:cherry_planks":144,"minecraft:wooden_sword":1,"minecraft:furnace":3,"minecraft:iron_axe":2,"minecraft:stone_pickaxe":1,"minecraft:spruce_boat":2,"minecraft:dark_oak_planks":4,"minecraft:wheat":720,"minecraft:cooked_beef":10,"minecraft:iron_sword":3,"supplementaries:timber_cross_brace":1,"sophisticatedbackpacks:gold_backpack":1,"minecraft:bucket":1,"minecraft:stone_axe":1,"minecraft:bread":334,"minecraft:golden_apple":5,"minecraft:wooden_axe":1,"minecraft:iron_shovel":2,"ecologics:walnut_sign":3,"minecraft:acacia_planks":56},"minecraft:used":{"minecraft:iron_shovel":475,"minecraft:shield":45,"minecraft:stone":1,"minecraft:iron_sword":1255,"quark:carrot_crate":1,"luminousworld:savannah_ground":7,"quark:cherry_chest":7,"minecraft:carrot":14,"minecraft:spruce_boat":3,"minecraft:stone_bricks":4,"supplementaries:ash":1,"minecraft:furnace":6,"minecraft:potato":114,"minecraft:diorite":1,"minecraft:stone_pickaxe":78,"minecraft:oak_planks":2,"minecraft:wooden_pickaxe":13,"minecraft:sandstone":2,"minecraft:dripstone_block":2,"minecraft:melon_slice":5,"minecraft:bread":140,"minecraft:cyan_bed":5,"tombstone:grave_key":60,"ecologics:coconut_slice":4,"minecraft:torchflower_seeds":2,"minecraft:diamond_sword":500,"minecraft:wooden_sword":72,"supplementaries:timber_cross_brace":1,"minecraft:cooked_rabbit":1,"minecraft:andesite":18,"minecraft:stone_sword":52,"tombstone:scroll_of_frost_resistance":1,"minecraft:spruce_planks":7,"luminousworld:bao_bob_log":5,"minecraft:wooden_shovel":8,"minecraft:cooked_chicken":1,"minecraft:torch":3,"minecraft:dirt":116,"minecraft:wooden_axe":4,"minecraft:iron_axe":187,"undead_revamp2:huntereye":1,"luminousworld:savannah_soil":2,"tombstone:gift":4,"minecraft:cooked_beef":10,"minecraft:acacia_planks":2,"minecraft:brown_bed":1,"minecraft:calcite":3,"minecraft:wheat_seeds":4,"minecraft:cooked_mutton":8,"born_in_chaos_v1:mint_ice_cream":2,"minecraft:water_bucket":123,"iceandfire:crackled_stone":2,"minecraft:crafting_table":21,"minecraft:white_bed":9,"tombstone:bag_of_seeds":2,"minecraft:oak_log":1,"minecraft:wooden_hoe":80,"minecraft:apple":20,"minecraft:iron_pickaxe":433,"minecraft:stone_axe":2,"minecraft:cobblestone":25,"minecraft:bucket":123,"minecraft:cooked_porkchop":13,"minecraft:yellow_bed":14,"ecologics:walnut_sign":2},"minecraft:dropped":{"minecraft:iron_sword":1,"minecraft:acacia_wood":7,"minecraft:leather":9,"minecraft:saddle":1,"alexsmobs:bison_fur":5,"minecraft:cod":3,"minecraft:item_frame":3,"minecraft:cobblestone_stairs":1,"minecraft:cyan_terracotta":7,"minecraft:dirt":137,"tombstone:bag_of_seeds":3,"luminousworld:bao_bob_wood":1,"minecraft:stone_button":3,"minecraft:cornflower":1,"minecraft:chain":2,"minecraft:wooden_sword":1,"minecraft:sand":6,"minecraft:iron_pickaxe":1,"undead_revamp2:blacpetalblock":2,"minecraft:dark_oak_planks":1,"minecraft:white_wool":1,"minecraft:bone":37,"tombstone:lollipop":5,"minecraft:stone_axe":1,"ecologics:walnut_sign":2,"alexsmobs:animal_dictionary":2,"minecraft:smooth_sandstone_stairs":2,"minecraft:wheat":3,"tombstone:gift":1,"minecraft:rotten_flesh":53,"minecraft:oak_planks":40,"aether:leather_gloves":1,"minecraft:light_gray_carpet":1,"minecraft:azure_bluet":1,"iceandfire:crackled_gravel":2,"iceandfire:shiny_scales":2,"minecraft:chiseled_stone_bricks":1,"supplementaries:flax_seeds":3,"supplementaries:ash":14,"minecraft:charcoal":4,"born_in_chaos_v1:corpse_maggot":3,"ecologics:coconut_husk":4,"minecraft:acacia_sapling":1,"iceandfire:pixie_dust":1,"minecraft:spruce_wood":1,"minecraft:painting":1,"minecraft:arrow":4,"iceandfire:armor_copper_metal_leggings":1,"minecraft:scaffolding":1,"minecraft:bread":36,"minecraft:iron_ingot":20,"minecraft:water_bucket":1,"born_in_chaos_v1:shattered_skull":2,"minecraft:wheat_seeds":271,"luminousworld:ishstone":2,"mowziesmobs:foliaath_seed":4,"minecraft:iron_helmet":2,"iceandfire:armor_copper_metal_chestplate":1,"minecraft:feather":6,"minecraft:cobblestone":29,"minecraft:chainmail_helmet":1,"minecraft:stick":14,"minecraft:cobweb":15,"minecraft:diorite":9,"minecraft:iron_trapdoor":1,"iceandfire:copper_nugget":50,"minecraft:wooden_hoe":1,"minecraft:wooden_axe":1,"luminousworld:savannah_ground":1,"tombstone:grave_dust":33,"minecraft:iron_leggings":2,"minecraft:iron_shovel":1,"minecraft:string":35,"minecraft:acacia_planks":42,"minecraft:dandelion":2,"minecraft:kelp":2,"luminousworld:bao_bab_sapling":3,"luminousworld:bao_bob_log":4,"minecraft:stone_sword":3,"minecraft:cobblestone_wall":1,"iceandfire:witherbone":1,"minecraft:iron_boots":1,"iceandfire:armor_copper_metal_helmet":1,"earthmobsmod:harder_flesh":1,"luminousworld:yellow_grassflowers":1,"minecraft:diamond_sword":2,"minecraft:potato":1,"minecraft:hay_block":4,"minecraft:spruce_boat":1,"minecraft:iron_chestplate":1,"luminousworld:groundpebbles_1":1,"earthmobsmod:fancy_feather":1,"minecraft:oak_sapling":2,"minecraft:wooden_shovel":2,"minecraft:stone_pressure_plate":1,"minecraft:stone_bricks":1,"minecraft:birch_sign":1,"tombstone:essence_of_undeath":2,"minecraft:brown_carpet":1,"luminousworld:elephant_grass":3,"minecraft:bow":1,"minecraft:stone_pickaxe":1,"minecraft:wooden_pickaxe":1},"minecraft:killed_by":{"undead_revamp2:the_moonflower":4,"minecraft:wither_skeleton":20,"iceandfire:cyclops":1,"enemyexpansion:slugger":1,"enemyexpansion:huntsman":2,"undead_revamp2:clogger":1,"mowziesmobs:umvuthi":6,"minecraft:vindicator":1,"minecraft:zombie":1,"born_in_chaos_v1:scarlet_persecutor":3,"iceandfire:fire_dragon":11,"minecraft:vex":4,"minecraft:player":1,"born_in_chaos_v1:restless_spirit":1,"minecraft:spider":1,"enemyexpansion:equestrian":1,"alexsmobs:bison":1,"undead_revamp2:thehunter":1,"iceandfire:gorgon":2,"minecraft:hoglin":5,"iceandfire:lightning_dragon":3,"minecraft:phantom":1,"iceandfire:ghost":2,"undead_revamp2:thebeartamer":1,"luminousworld:savannah_skeleton":1},"minecraft:killed":{"luminousworld:miner_zombie":1,"born_in_chaos_v1:zombie_clown":1,"born_in_chaos_v1:restless_spirit":1,"born_in_chaos_v1:zombie_lumberjack":1,"enemyexpansion:equestrian":1,"born_in_chaos_v1:pumpkin_spirit":2,"minecraft:spider":1,"born_in_chaos_v1:siamese_skeletonsright":2,"naturalist:snail":1,"minecraft:skeleton":3,"minecraft:bee":3,"mowziesmobs:umvuthana_crane":7,"minecraft:pig":9,"alexsmobs:seal":1,"undead_revamp2:thebeartamer":1,"minecraft:sheep":18,"luminousworld:savannah_skeleton":1,"minecraft:zombie":6,"born_in_chaos_v1:dread_hound":1,"born_in_chaos_v1:corpse_fly":1,"enemyexpansion:botfly":3,"iceandfire:lightning_dragon":1,"born_in_chaos_v1:siamese_skeletonsleft":1,"minecraft:cow":6,"undead_revamp2:thehunter":3,"born_in_chaos_v1:zombie_clown_not_despawn":1,"enemyexpansion:direwolf":4,"born_in_chaos_v1:maggot":6,"earthmobsmod:fancy_chicken":2,"alexsmobs:bison":7,"undead_revamp2:sucker":2,"luminousworld:savannah_zombie":2,"mowziesmobs:umvuthana":14,"earthmobsmod:albino_cow":2,"minecraft:husk":19,"alexsmobs:guster":4,"earthmobsmod:bouldering_zombie":1,"born_in_chaos_v1:baby_skeleton":3,"undead_revamp2:the_moonflower":10,"minecraft:hoglin":4,"born_in_chaos_v1:decrepit_skeleton":4,"iceandfire:ghost":2,"born_in_chaos_v1:dark_vortex":1,"enemyexpansion:huntsman":1,"alexsmobs:crow":1,"minecraft:wither_skeleton":23,"naturalist:sparrow":1},"minecraft:picked_up":{"quark:carrot_crate":1,"minecraft:iron_chestplate":6,"minecraft:wheat":253,"minecraft:chainmail_boots":1,"minecraft:iron_trapdoor":1,"minecraft:lead":1,"minecraft:diamond_sword":2,"minecraft:brown_bed":1,"minecraft:string":35,"minecraft:iron_leggings":6,"minecraft:armor_stand":4,"minecraft:oak_sign":1,"minecraft:beetroot":2,"minecraft:spruce_planks":3,"minecraft:calcite":3,"minecraft:wooden_shovel":1,"minecraft:iron_pickaxe":2,"minecraft:melon_slice":5,"minecraft:iron_boots":4,"minecraft:furnace":3,"luminousworld:bao_bab_sapling":3,"minecraft:stick":10,"born_in_chaos_v1:shattered_skull":2,"ecologics:walnut_log":8,"minecraft:composter":1,"minecraft:oak_fence":1,"quark:cherry_chest":3,"minecraft:torch":6,"minecraft:acacia_log":14,"luminousworld:savannah_soil":2,"minecraft:porkchop":31,"minecraft:cherry_log":36,"iceandfire:crackled_gravel":2,"tombstone:grave_dust":43,"minecraft:diorite":10,"tombstone:lollipop":6,"minecraft:brown_carpet":1,"luminousworld:grassflowers":5,"minecraft:stone_sword":2,"minecraft:rotten_flesh":73,"luminousworld:yellow_grassflowers":3,"minecraft:iron_block":1,"minecraft:cyan_terracotta":7,"supplementaries:ash":14,"minecraft:cobblestone":86,"minecraft:magma_block":1,"luminousworld:savannah_ground":10,"minecraft:feather":6,"minecraft:andesite":18,"minecraft:brown_wool":1,"minecraft:potato":66,"alexsmobs:bison_fur":5,"minecraft:smooth_sandstone_stairs":2,"supplementaries:flax_seeds":3,"undead_revamp2:huntereye":2,"minecraft:wither_skeleton_skull":3,"minecraft:dirt":426,"minecraft:bone":33,"undead_revamp2:blacpetalblock":1,"minecraft:bow":2,"minecraft:wheat_seeds":477,"luminousworld:elephant_grass":3,"minecraft:rabbit":1,"minecraft:diamond_helmet":1,"minecraft:oak_planks":1,"minecraft:cooked_porkchop":1,"earthmobsmod:harder_flesh":1,"iceandfire:shiny_scales":1,"minecraft:sand":6,"minecraft:stripped_spruce_log":3,"minecraft:cyan_bed":6,"minecraft:dark_oak_log":1,"alexsmobs:animal_dictionary":1,"minecraft:bundle":4,"minecraft:diamond":3,"minecraft:spruce_boat":2,"iceandfire:crackled_stone":2,"minecraft:golden_apple":1,"minecraft:chainmail_helmet":1,"minecraft:emerald":3,"minecraft:bread":20,"luminousworld:bao_bob_log":9,"minecraft:oak_sapling":2,"minecraft:light_gray_carpet":1,"minecraft:netherrack":1,"minecraft:charcoal":4,"luminousworld:groundpebbles_1":4,"minecraft:crafting_table":18,"minecraft:chicken":3,"iceandfire:witherbone":12,"born_in_chaos_v1:river_mint":4,"minecraft:stone_brick_wall":2,"luminousworld:bao_bob_wood":1,"minecraft:gold_block":1,"minecraft:chain":2,"aether:leather_gloves":1,"minecraft:cornflower":1,"minecraft:iron_axe":1,"supplementaries:timber_cross_brace":1,"minecraft:item_frame":4,"minecraft:iron_shovel":1,"minecraft:beef":69,"minecraft:iron_nugget":5,"minecraft:raw_iron":57,"minecraft:sandstone":2,"minecraft:stripped_mangrove_wood":4,"minecraft:stone":190,"luminousworld:blue_petunias":2,"ecologics:coconut_slice":4,"minecraft:stone_button":4,"minecraft:carrot":53,"minecraft:stone_pressure_plate":1,"minecraft:dark_oak_planks":1,"mowziesmobs:umvuthana_mask_faith":1,"minecraft:arrow":3,"minecraft:beetroot_seeds":13,"ecologics:walnut_sign":1,"minecraft:hay_block":89,"tombstone:essence_of_undeath":4,"minecraft:gold_ingot":3,"minecraft:mutton":27,"minecraft:white_wool":13,"born_in_chaos_v1:fused_bone":1,"born_in_chaos_v1:corpse_maggot":3,"luminousworld:ishstone":2,"minecraft:leather":10,"minecraft:acacia_wood":7,"minecraft:oak_log":35,"minecraft:chainmail_chestplate":1,"iceandfire:ectoplasm":1,"minecraft:yellow_bed":15,"minecraft:cobblestone_wall":1,"minecraft:cobblestone_stairs":1,"minecraft:white_banner":1,"minecraft:cooked_mutton":3,"minecraft:apple":4,"born_in_chaos_v1:intoxicating_dagger":1,"minecraft:stone_bricks":7,"mowziesmobs:umvuthana_mask_rage":1,"minecraft:kelp":2,"mowziesmobs:foliaath_seed":4,"minecraft:spruce_wood":1,"minecraft:iron_ingot":7,"earthmobsmod:fancy_feather":1,"minecraft:iron_ore":2,"tombstone:bag_of_seeds":5,"luminousworld:white_petunias":1,"minecraft:iron_sword":9,"minecraft:acacia_sapling":1,"minecraft:scaffolding":1,"minecraft:polished_andesite_stairs":1,"iceandfire:copper_nugget":52,"minecraft:chiseled_stone_bricks":1,"iceandfire:ash":3,"born_in_chaos_v1:ethereal_spirit":4,"minecraft:dandelion":1,"minecraft:dripstone_block":2,"minecraft:torchflower_seeds":4,"minecraft:white_bed":11,"minecraft:coal_ore":13,"minecraft:slime_ball":1,"minecraft:iron_helmet":5,"minecraft:painting":1,"minecraft:birch_sign":1,"tombstone:magic_scroll":4,"minecraft:black_wool":1,"minecraft:coal":87},"minecraft:custom":{"minecraft:interact_with_crafting_table":46,"minecraft:open_barrel":19,"minecraft:eat_cake_slice":3,"minecraft:leave_game":20,"minecraft:time_since_death":14589,"minecraft:damage_resisted":28,"minecraft:sprint_one_cm":1224097,"minecraft:damage_blocked_by_shield":1000,"minecraft:drop":212,"minecraft:talked_to_villager":14,"minecraft:play_time":464204,"minecraft:deaths":83,"minecraft:jump":8497,"minecraft:interact_with_brewingstand":1,"minecraft:walk_on_water_one_cm":68841,"minecraft:interact_with_furnace":61,"minecraft:interact_with_cartography_table":1,"minecraft:interact_with_loom":1,"minecraft:sleep_in_bed":31,"minecraft:damage_dealt":53786,"minecraft:player_kills":1,"minecraft:crouch_one_cm":16628,"tombstone:undead_killed":89,"minecraft:mob_kills":198,"minecraft:damage_dealt_resisted":2022,"minecraft:climb_one_cm":10658,"minecraft:walk_one_cm":1413228,"minecraft:sneak_time":6339,"minecraft:walk_under_water_one_cm":105281,"minecraft:boat_one_cm":227835,"minecraft:interact_with_blast_furnace":9,"minecraft:total_world_time":464204,"minecraft:time_since_rest":5444,"minecraft:damage_taken":2147483647,"minecraft:trigger_trapped_chest":3,"tombstone:cast_on_ally":0,"minecraft:swim_one_cm":112157,"minecraft:fly_one_cm":1723893,"minecraft:open_chest":171,"minecraft:fall_one_cm":317642},"minecraft:broken":{"minecraft:iron_shovel":1,"mowziesmobs:umvuthana_mask_faith":1,"minecraft:diamond_helmet":1,"minecraft:iron_boots":2,"minecraft:iron_chestplate":2,"minecraft:iron_leggings":1,"minecraft:chainmail_boots":1,"minecraft:chainmail_chestplate":1,"minecraft:iron_sword":2,"mowziesmobs:umvuthana_mask_bliss":1,"minecraft:leather_helmet":1,"minecraft:leather_chestplate":1,"minecraft:iron_pickaxe":1,"aether:leather_gloves":1,"minecraft:wooden_hoe":1},"minecraft:mined":{"minecraft:dark_oak_planks":1,"minecraft:spruce_planks":2,"minecraft:white_bed":10,"minecraft:farmland":1,"quark:cherry_chest":3,"minecraft:cherry_log":38,"minecraft:cobblestone_stairs":1,"minecraft:granite":1,"minecraft:stone_brick_wall":3,"minecraft:grass_block":151,"minecraft:acacia_log":14,"luminousworld:bao_bob_wood":2,"ecologics:walnut_sign":1,"minecraft:composter":1,"minecraft:spawner":7,"luminousworld:savanna_grass_2":5,"minecraft:magma_block":1,"supplementaries:ash":1,"minecraft:iron_ore":58,"minecraft:fire":4,"minecraft:azure_bluet":1,"minecraft:brown_bed":1,"minecraft:pointed_dripstone":1,"minecraft:oak_sign":1,"minecraft:dirt_path":3,"minecraft:spruce_wood":1,"ecologics:walnut_log":8,"minecraft:stripped_mangrove_wood":4,"minecraft:iron_block":1,"minecraft:kelp_plant":1,"supplementaries:timber_cross_brace":1,"minecraft:calcite":3,"minecraft:polished_andesite_stairs":1,"minecraft:melon":1,"minecraft:dead_bush":1,"minecraft:cobblestone":3,"minecraft:cyan_bed":5,"minecraft:oak_planks":1,"minecraft:wall_torch":1,"minecraft:pink_petals":1,"placeablesmod:cooked_pork_block":1,"iceandfire:crackled_stone":2,"minecraft:wheat":302,"minecraft:torchflower_crop":2,"born_in_chaos_v1:river_mint":4,"luminousworld:bao_bob_log":12,"minecraft:grass":212,"minecraft:oak_log":38,"minecraft:beetroots":10,"luminousworld:bao_bab_leaves":11,"minecraft:acacia_fence":2,"minecraft:sand":2,"minecraft:dirt":286,"luminousworld:grassvariant_3":37,"minecraft:netherrack":1,"luminousworld:savannah_grass_4":15,"minecraft:oak_leaves":13,"luminousworld:savannah_ground":8,"luminousworld:groundpebbles_1":2,"minecraft:spruce_fence":1,"luminousworld:grassvariant_2":54,"luminousworld:groundpebbles_3":1,"minecraft:hay_block":87,"luminousworld:yellow_grassflowers":3,"minecraft:furnace":3,"minecraft:carrots":34,"minecraft:acacia_wood":8,"minecraft:andesite":18,"minecraft:stripped_spruce_log":5,"minecraft:gold_block":1,"minecraft:potatoes":57,"minecraft:vine":1,"minecraft:stone":291,"luminousworld:savannah_soil":2,"minecraft:acacia_leaves":19,"minecraft:scaffolding":2,"minecraft:brown_carpet":1,"minecraft:oak_fence":1,"minecraft:crafting_table":18,"placeablesmod:apple_block":3,"minecraft:cornflower":1,"luminousworld:savannah_grass_1":11,"ecologics:walnut_leaves":3,"minecraft:campfire":1,"luminousworld:grassflowers":7,"minecraft:tall_grass":13,"friendsandfoes:acacia_beehive":1,"minecraft:diorite":15,"quark:carrot_crate":1,"minecraft:red_terracotta":1,"minecraft:cobblestone_wall":1,"minecraft:beehive":1,"minecraft:yellow_bed":14,"minecraft:coal_ore":71,"luminousworld:ishstone":2,"minecraft:cherry_leaves":2,"minecraft:dripstone_block":5,"minecraft:cobweb":29,"minecraft:brown_terracotta":4,"minecraft:terracotta":3,"minecraft:acacia_planks":1,"minecraft:stone_bricks":8,"luminousworld:elephant_grass":5,"minecraft:iron_trapdoor":1}},"DataVersion":3465}