{"stats":{"minecraft:dropped":{"minecraft:water_bucket":1,"minecraft:bread":18,"minecraft:iron_sword":1,"minecraft:wheat_seeds":267,"luminousworld:ishstone":2,"minecraft:cobblestone":21,"minecraft:saddle":1,"minecraft:cod":3,"minecraft:item_frame":3,"minecraft:stick":11,"tombstone:bag_of_seeds":2,"minecraft:diorite":9,"luminousworld:bao_bob_wood":1,"minecraft:wooden_hoe":1,"luminousworld:savannah_ground":1,"minecraft:wooden_axe":1,"tombstone:grave_dust":7,"minecraft:wooden_sword":1,"minecraft:iron_pickaxe":1,"minecraft:white_wool":1,"minecraft:acacia_planks":28,"minecraft:bone":1,"tombstone:lollipop":2,"minecraft:stone_axe":1,"luminousworld:bao_bab_sapling":3,"minecraft:stone_sword":2,"alexsmobs:animal_dictionary":2,"minecraft:wheat":3,"tombstone:gift":1,"iceandfire:witherbone":1,"minecraft:rotten_flesh":21,"aether:leather_gloves":1,"minecraft:oak_planks":40,"iceandfire:shiny_scales":2,"supplementaries:ash":5,"minecraft:hay_block":4,"minecraft:charcoal":4,"minecraft:wooden_shovel":2,"minecraft:oak_sapling":1,"minecraft:acacia_sapling":1,"iceandfire:pixie_dust":1,"minecraft:stone_pressure_plate":1,"tombstone:essence_of_undeath":1,"minecraft:painting":1,"minecraft:stone_pickaxe":1,"minecraft:wooden_pickaxe":1},"minecraft:killed":{"luminousworld:miner_zombie":1,"born_in_chaos_v1:zombie_clown":1,"born_in_chaos_v1:zombie_lumberjack":1,"minecraft:spider":1,"enemyexpansion:direwolf":1,"born_in_chaos_v1:siamese_skeletonsright":1,"born_in_chaos_v1:maggot":3,"minecraft:skeleton":2,"minecraft:bee":3,"minecraft:pig":3,"born_in_chaos_v1:baby_skeleton":2,"undead_revamp2:the_moonflower":3,"undead_revamp2:thebeartamer":1,"minecraft:hoglin":1,"born_in_chaos_v1:decrepit_skeleton":2,"minecraft:sheep":4,"luminousworld:savannah_skeleton":1,"minecraft:zombie":1,"born_in_chaos_v1:dread_hound":1,"born_in_chaos_v1:dark_vortex":1,"born_in_chaos_v1:corpse_fly":1,"enemyexpansion:huntsman":1,"minecraft:wither_skeleton":4,"minecraft:cow":2},"minecraft:crafted":{"minecraft:wooden_sword":1,"minecraft:oak_planks":64,"minecraft:cooked_chicken":1,"minecraft:furnace":1,"minecraft:iron_axe":1,"minecraft:stone_pickaxe":1,"minecraft:dark_oak_planks":4,"minecraft:cooked_rabbit":1,"minecraft:wheat":54,"minecraft:wooden_shovel":1,"minecraft:cooked_porkchop":2,"minecraft:crafting_table":2,"minecraft:wooden_pickaxe":1,"minecraft:iron_sword":2,"minecraft:bucket":1,"minecraft:stone_axe":1,"minecraft:bread":83,"minecraft:wooden_hoe":1,"minecraft:shield":1,"minecraft:stick":24,"minecraft:iron_ingot":15,"minecraft:iron_pickaxe":1,"minecraft:wooden_axe":1,"minecraft:stone_sword":1,"minecraft:iron_shovel":1,"minecraft:acacia_planks":40},"minecraft:custom":{"minecraft:mob_kills":44,"minecraft:interact_with_crafting_table":14,"minecraft:damage_dealt_resisted":465,"minecraft:eat_cake_slice":3,"minecraft:leave_game":6,"minecraft:time_since_death":184,"minecraft:sprint_one_cm":237980,"minecraft:walk_one_cm":390193,"minecraft:damage_blocked_by_shield":935,"minecraft:drop":73,"minecraft:talked_to_villager":3,"minecraft:play_time":121329,"minecraft:deaths":22,"minecraft:sneak_time":1070,"minecraft:walk_under_water_one_cm":44736,"minecraft:jump":1787,"minecraft:walk_on_water_one_cm":7890,"minecraft:total_world_time":121329,"minecraft:interact_with_furnace":16,"minecraft:sleep_in_bed":6,"minecraft:time_since_rest":1,"minecraft:damage_taken":9927,"minecraft:damage_dealt":13211,"minecraft:player_kills":1,"minecraft:swim_one_cm":9895,"minecraft:fly_one_cm":279576,"minecraft:open_chest":50,"minecraft:crouch_one_cm":3572,"tombstone:undead_killed":21,"minecraft:fall_one_cm":79067},"minecraft:mined":{"minecraft:spruce_planks":1,"minecraft:white_bed":1,"minecraft:granite":1,"minecraft:acacia_log":10,"luminousworld:bao_bob_wood":2,"luminousworld:savanna_grass_2":3,"minecraft:hay_block":10,"minecraft:furnace":2,"supplementaries:ash":1,"minecraft:iron_ore":54,"minecraft:fire":1,"minecraft:andesite":18,"minecraft:pointed_dripstone":1,"minecraft:stone":50,"luminousworld:savannah_soil":2,"minecraft:acacia_leaves":16,"minecraft:scaffolding":1,"minecraft:crafting_table":8,"luminousworld:savannah_grass_1":3,"minecraft:melon":1,"minecraft:dead_bush":1,"minecraft:campfire":1,"minecraft:tall_grass":1,"minecraft:cobblestone":1,"friendsandfoes:acacia_beehive":1,"minecraft:oak_planks":1,"minecraft:wall_torch":1,"minecraft:diorite":14,"minecraft:red_terracotta":1,"minecraft:wheat":231,"luminousworld:bao_bob_log":3,"minecraft:yellow_bed":7,"minecraft:oak_log":16,"minecraft:coal_ore":29,"luminousworld:ishstone":2,"luminousworld:bao_bab_leaves":11,"minecraft:acacia_fence":2,"minecraft:sand":2,"minecraft:dripstone_block":5,"minecraft:brown_terracotta":4,"minecraft:terracotta":3,"minecraft:acacia_planks":1,"luminousworld:elephant_grass":1,"luminousworld:savannah_grass_4":4,"minecraft:oak_leaves":12,"luminousworld:savannah_ground":8},"minecraft:killed_by":{"undead_revamp2:the_moonflower":1,"minecraft:wither_skeleton":8,"minecraft:spider":1,"enemyexpansion:huntsman":2,"minecraft:hoglin":1,"born_in_chaos_v1:scarlet_persecutor":3,"iceandfire:ghost":1,"luminousworld:savannah_skeleton":1},"minecraft:used":{"minecraft:stone_sword":52,"minecraft:iron_shovel":8,"minecraft:spruce_planks":4,"minecraft:shield":36,"minecraft:iron_sword":430,"minecraft:wooden_shovel":8,"luminousworld:savannah_ground":7,"minecraft:torch":1,"minecraft:wooden_axe":4,"minecraft:iron_axe":49,"luminousworld:savannah_soil":2,"minecraft:furnace":3,"tombstone:gift":2,"minecraft:acacia_planks":2,"minecraft:water_bucket":47,"minecraft:oak_planks":1,"minecraft:stone_pickaxe":78,"minecraft:wooden_pickaxe":13,"minecraft:sandstone":2,"minecraft:crafting_table":9,"minecraft:white_bed":1,"minecraft:dripstone_block":2,"minecraft:oak_log":1,"minecraft:bread":48,"minecraft:iron_pickaxe":104,"tombstone:grave_key":13,"minecraft:stone_axe":2,"minecraft:wooden_sword":72,"minecraft:cobblestone":16,"minecraft:andesite":18,"minecraft:bucket":48,"minecraft:yellow_bed":7},"minecraft:broken":{"minecraft:leather_helmet":1,"minecraft:leather_chestplate":1,"minecraft:iron_sword":1,"aether:leather_gloves":1},"minecraft:picked_up":{"iceandfire:witherbone":4,"minecraft:charcoal":4,"minecraft:crafting_table":8,"minecraft:wheat":187,"minecraft:chainmail_boots":1,"minecraft:chicken":1,"minecraft:lead":1,"luminousworld:bao_bob_wood":1,"aether:leather_gloves":1,"minecraft:string":2,"minecraft:item_frame":3,"minecraft:spruce_planks":2,"minecraft:beef":2,"minecraft:wooden_shovel":1,"minecraft:iron_pickaxe":2,"minecraft:melon_slice":5,"minecraft:furnace":2,"luminousworld:bao_bab_sapling":3,"minecraft:stick":7,"minecraft:raw_iron":55,"minecraft:sandstone":2,"minecraft:torch":6,"minecraft:acacia_log":10,"luminousworld:savannah_soil":2,"minecraft:porkchop":13,"tombstone:grave_dust":9,"minecraft:diorite":9,"minecraft:stone_pressure_plate":1,"tombstone:lollipop":3,"minecraft:stone_sword":1,"minecraft:arrow":2,"minecraft:rotten_flesh":27,"minecraft:hay_block":10,"tombstone:essence_of_undeath":3,"minecraft:gold_ingot":3,"supplementaries:ash":10,"minecraft:mutton":6,"minecraft:white_wool":1,"minecraft:cobblestone":53,"luminousworld:savannah_ground":10,"minecraft:andesite":18,"luminousworld:ishstone":2,"minecraft:potato":4,"minecraft:oak_log":17,"minecraft:chainmail_chestplate":1,"minecraft:yellow_bed":8,"minecraft:bone":11,"minecraft:wheat_seeds":265,"minecraft:iron_ingot":4,"tombstone:bag_of_seeds":3,"minecraft:rabbit":1,"minecraft:iron_sword":4,"minecraft:oak_planks":1,"minecraft:acacia_sapling":1,"minecraft:dripstone_block":2,"iceandfire:shiny_scales":1,"minecraft:white_bed":1,"minecraft:dark_oak_log":1,"alexsmobs:animal_dictionary":1,"minecraft:bundle":1,"minecraft:painting":1,"minecraft:chainmail_helmet":1,"minecraft:bread":18,"minecraft:emerald":3,"minecraft:oak_sapling":1,"minecraft:coal":35}},"DataVersion":3465}