{"stats":{"minecraft:killed":{"born_in_chaos_v1:zombie_clown":1,"luminousworld:miner_zombie":1,"born_in_chaos_v1:restless_spirit":1,"born_in_chaos_v1:zombie_lumberjack":1,"born_in_chaos_v1:pumpkin_spirit":1,"minecraft:spider":1,"born_in_chaos_v1:siamese_skeletonsright":2,"naturalist:snail":1,"minecraft:skeleton":3,"minecraft:bee":3,"mowziesmobs:umvuthana_crane":7,"minecraft:pig":4,"alexsmobs:seal":1,"undead_revamp2:thebeartamer":1,"minecraft:sheep":4,"luminousworld:savannah_skeleton":1,"minecraft:zombie":6,"born_in_chaos_v1:dread_hound":1,"born_in_chaos_v1:corpse_fly":1,"iceandfire:lightning_dragon":1,"born_in_chaos_v1:siamese_skeletonsleft":1,"minecraft:cow":6,"undead_revamp2:thehunter":2,"born_in_chaos_v1:zombie_clown_not_despawn":1,"enemyexpansion:direwolf":4,"born_in_chaos_v1:maggot":6,"undead_revamp2:sucker":2,"luminousworld:savannah_zombie":2,"mowziesmobs:umvuthana":14,"alexsmobs:guster":4,"earthmobsmod:bouldering_zombie":1,"born_in_chaos_v1:baby_skeleton":3,"undead_revamp2:the_moonflower":6,"minecraft:hoglin":4,"born_in_chaos_v1:decrepit_skeleton":4,"iceandfire:ghost":2,"born_in_chaos_v1:dark_vortex":1,"enemyexpansion:huntsman":1,"naturalist:sparrow":1,"minecraft:wither_skeleton":23},"minecraft:killed_by":{"undead_revamp2:the_moonflower":3,"iceandfire:cyclops":1,"minecraft:wither_skeleton":20,"enemyexpansion:slugger":1,"enemyexpansion:huntsman":2,"undead_revamp2:clogger":1,"mowziesmobs:umvuthi":6,"minecraft:vindicator":1,"minecraft:zombie":1,"born_in_chaos_v1:scarlet_persecutor":3,"minecraft:vex":4,"minecraft:player":1,"born_in_chaos_v1:restless_spirit":1,"minecraft:spider":1,"enemyexpansion:equestrian":1,"undead_revamp2:thehunter":1,"iceandfire:gorgon":2,"minecraft:hoglin":5,"iceandfire:lightning_dragon":3,"minecraft:phantom":1,"iceandfire:ghost":2,"undead_revamp2:thebeartamer":1,"luminousworld:savannah_skeleton":1},"minecraft:mined":{"minecraft:dark_oak_planks":1,"minecraft:spruce_planks":2,"minecraft:white_bed":9,"minecraft:farmland":1,"quark:cherry_chest":3,"minecraft:cherry_log":38,"minecraft:cobblestone_stairs":1,"minecraft:granite":1,"minecraft:acacia_log":14,"luminousworld:bao_bob_wood":2,"minecraft:grass_block":120,"ecologics:walnut_sign":1,"minecraft:composter":1,"luminousworld:savanna_grass_2":5,"minecraft:spawner":4,"supplementaries:ash":1,"minecraft:iron_ore":56,"minecraft:fire":1,"minecraft:azure_bluet":1,"minecraft:pointed_dripstone":1,"minecraft:spruce_wood":1,"ecologics:walnut_log":8,"minecraft:iron_block":1,"minecraft:kelp_plant":1,"minecraft:melon":1,"minecraft:dead_bush":1,"minecraft:cobblestone":3,"minecraft:oak_planks":1,"minecraft:wall_torch":1,"minecraft:pink_petals":1,"minecraft:wheat":240,"luminousworld:bao_bob_log":12,"minecraft:grass":83,"minecraft:oak_log":16,"minecraft:acacia_fence":2,"luminousworld:bao_bab_leaves":11,"minecraft:sand":2,"minecraft:dirt":124,"luminousworld:grassvariant_3":14,"minecraft:netherrack":1,"luminousworld:savannah_grass_4":15,"minecraft:oak_leaves":12,"luminousworld:savannah_ground":8,"minecraft:spruce_fence":1,"luminousworld:grassvariant_2":9,"minecraft:hay_block":10,"minecraft:furnace":3,"minecraft:acacia_wood":8,"minecraft:andesite":18,"minecraft:stripped_spruce_log":5,"minecraft:gold_block":1,"minecraft:potatoes":2,"minecraft:vine":1,"minecraft:stone":82,"luminousworld:savannah_soil":2,"minecraft:acacia_leaves":18,"minecraft:scaffolding":2,"minecraft:brown_carpet":1,"minecraft:cornflower":1,"minecraft:crafting_table":15,"placeablesmod:apple_block":3,"luminousworld:savannah_grass_1":11,"ecologics:walnut_leaves":3,"minecraft:campfire":1,"luminousworld:grassflowers":4,"minecraft:tall_grass":5,"friendsandfoes:acacia_beehive":1,"minecraft:diorite":14,"minecraft:red_terracotta":1,"minecraft:cobblestone_wall":1,"minecraft:yellow_bed":13,"minecraft:coal_ore":58,"luminousworld:ishstone":2,"minecraft:cherry_leaves":2,"minecraft:dripstone_block":5,"minecraft:cobweb":29,"minecraft:brown_terracotta":4,"minecraft:terracotta":3,"minecraft:acacia_planks":1,"minecraft:stone_bricks":1,"luminousworld:elephant_grass":5},"minecraft:used":{"minecraft:iron_shovel":267,"minecraft:shield":45,"minecraft:iron_sword":1255,"luminousworld:savannah_ground":7,"quark:cherry_chest":7,"minecraft:spruce_boat":3,"minecraft:furnace":6,"minecraft:potato":68,"minecraft:stone_pickaxe":78,"minecraft:oak_planks":1,"minecraft:wooden_pickaxe":13,"minecraft:sandstone":2,"minecraft:dripstone_block":2,"minecraft:melon_slice":5,"minecraft:bread":101,"tombstone:grave_key":49,"ecologics:coconut_slice":4,"minecraft:diamond_sword":1,"minecraft:torchflower_seeds":2,"minecraft:wooden_sword":72,"minecraft:cooked_rabbit":1,"minecraft:andesite":18,"minecraft:stone_sword":52,"tombstone:scroll_of_frost_resistance":1,"minecraft:spruce_planks":7,"luminousworld:bao_bob_log":5,"minecraft:wooden_shovel":8,"minecraft:cooked_chicken":1,"minecraft:torch":3,"minecraft:dirt":90,"minecraft:wooden_axe":4,"minecraft:iron_axe":152,"luminousworld:savannah_soil":2,"tombstone:gift":4,"minecraft:cooked_beef":2,"minecraft:acacia_planks":2,"minecraft:wheat_seeds":4,"minecraft:cooked_mutton":8,"born_in_chaos_v1:mint_ice_cream":2,"minecraft:water_bucket":111,"minecraft:crafting_table":18,"minecraft:white_bed":9,"tombstone:bag_of_seeds":2,"minecraft:oak_log":1,"minecraft:wooden_hoe":13,"minecraft:apple":20,"minecraft:iron_pickaxe":184,"minecraft:stone_axe":2,"minecraft:cobblestone":24,"minecraft:cooked_porkchop":12,"minecraft:bucket":112,"minecraft:yellow_bed":14,"ecologics:walnut_sign":2},"minecraft:crafted":{"minecraft:oak_planks":64,"ecologics:walnut_planks":32,"minecraft:cooked_chicken":1,"quark:cherry_chest":4,"minecraft:cooked_mutton":7,"minecraft:cooked_rabbit":1,"minecraft:wooden_shovel":1,"minecraft:cooked_porkchop":12,"minecraft:crafting_table":4,"minecraft:spruce_planks":12,"minecraft:wooden_pickaxe":1,"minecraft:wooden_hoe":2,"minecraft:shield":1,"minecraft:stick":40,"minecraft:iron_ingot":66,"minecraft:iron_pickaxe":1,"minecraft:stone_sword":1,"minecraft:gold_ingot":9,"minecraft:cherry_planks":144,"minecraft:wooden_sword":1,"minecraft:furnace":3,"minecraft:iron_axe":1,"minecraft:stone_pickaxe":1,"minecraft:spruce_boat":2,"minecraft:dark_oak_planks":4,"minecraft:wheat":54,"minecraft:cooked_beef":2,"minecraft:iron_sword":3,"sophisticatedbackpacks:gold_backpack":1,"minecraft:bucket":1,"minecraft:stone_axe":1,"minecraft:bread":87,"minecraft:golden_apple":5,"minecraft:wooden_axe":1,"minecraft:iron_shovel":1,"ecologics:walnut_sign":3,"minecraft:acacia_planks":56},"minecraft:custom":{"minecraft:interact_with_crafting_table":36,"minecraft:open_barrel":10,"minecraft:eat_cake_slice":3,"minecraft:leave_game":15,"minecraft:time_since_death":52463,"minecraft:damage_resisted":28,"minecraft:sprint_one_cm":851273,"minecraft:damage_blocked_by_shield":1000,"minecraft:drop":192,"minecraft:talked_to_villager":5,"minecraft:play_time":346911,"minecraft:deaths":69,"minecraft:jump":5913,"minecraft:interact_with_brewingstand":1,"minecraft:walk_on_water_one_cm":61756,"minecraft:interact_with_furnace":45,"minecraft:interact_with_cartography_table":1,"minecraft:sleep_in_bed":23,"minecraft:damage_dealt":39657,"minecraft:player_kills":1,"minecraft:crouch_one_cm":15234,"tombstone:undead_killed":64,"minecraft:mob_kills":136,"minecraft:damage_dealt_resisted":2022,"minecraft:climb_one_cm":5484,"minecraft:walk_one_cm":1010836,"minecraft:sneak_time":5691,"minecraft:walk_under_water_one_cm":98587,"minecraft:boat_one_cm":227835,"minecraft:total_world_time":346911,"minecraft:time_since_rest":11308,"minecraft:damage_taken":2147483647,"minecraft:trigger_trapped_chest":3,"tombstone:cast_on_ally":0,"minecraft:swim_one_cm":85518,"minecraft:fly_one_cm":1122989,"minecraft:open_chest":123,"minecraft:fall_one_cm":216506},"minecraft:broken":{"minecraft:iron_shovel":1,"mowziesmobs:umvuthana_mask_faith":1,"minecraft:diamond_helmet":1,"minecraft:iron_boots":1,"minecraft:iron_chestplate":1,"minecraft:iron_leggings":1,"minecraft:chainmail_boots":1,"minecraft:chainmail_chestplate":1,"minecraft:iron_sword":2,"mowziesmobs:umvuthana_mask_bliss":1,"minecraft:leather_helmet":1,"minecraft:leather_chestplate":1,"aether:leather_gloves":1},"minecraft:picked_up":{"minecraft:iron_chestplate":6,"minecraft:wheat":192,"minecraft:chainmail_boots":1,"minecraft:lead":1,"minecraft:string":35,"minecraft:iron_leggings":6,"minecraft:armor_stand":4,"minecraft:spruce_planks":3,"minecraft:wooden_shovel":1,"minecraft:iron_pickaxe":2,"minecraft:melon_slice":5,"minecraft:furnace":3,"minecraft:iron_boots":4,"luminousworld:bao_bab_sapling":3,"minecraft:stick":9,"born_in_chaos_v1:shattered_skull":2,"ecologics:walnut_log":8,"minecraft:composter":1,"quark:cherry_chest":3,"minecraft:acacia_log":14,"minecraft:torch":6,"luminousworld:savannah_soil":2,"minecraft:porkchop":23,"minecraft:cherry_log":36,"iceandfire:crackled_gravel":2,"tombstone:grave_dust":38,"minecraft:diorite":9,"tombstone:lollipop":4,"minecraft:brown_carpet":1,"luminousworld:grassflowers":3,"minecraft:stone_sword":2,"minecraft:rotten_flesh":48,"minecraft:iron_block":1,"minecraft:cyan_terracotta":7,"supplementaries:ash":12,"minecraft:cobblestone":85,"luminousworld:savannah_ground":10,"minecraft:feather":6,"minecraft:andesite":18,"minecraft:potato":6,"minecraft:smooth_sandstone_stairs":2,"supplementaries:flax_seeds":3,"undead_revamp2:huntereye":1,"minecraft:wither_skeleton_skull":3,"minecraft:dirt":230,"minecraft:bone":33,"undead_revamp2:blacpetalblock":1,"minecraft:bow":2,"minecraft:wheat_seeds":296,"luminousworld:elephant_grass":3,"minecraft:rabbit":1,"minecraft:diamond_helmet":1,"minecraft:oak_planks":1,"earthmobsmod:harder_flesh":1,"iceandfire:shiny_scales":1,"minecraft:sand":6,"minecraft:stripped_spruce_log":3,"minecraft:dark_oak_log":1,"alexsmobs:animal_dictionary":1,"minecraft:bundle":3,"minecraft:diamond":3,"minecraft:spruce_boat":2,"minecraft:emerald":3,"minecraft:chainmail_helmet":1,"minecraft:bread":19,"luminousworld:bao_bob_log":9,"minecraft:oak_sapling":2,"minecraft:light_gray_carpet":1,"minecraft:netherrack":1,"luminousworld:groundpebbles_1":1,"minecraft:charcoal":4,"minecraft:crafting_table":15,"iceandfire:witherbone":12,"minecraft:chicken":1,"minecraft:gold_block":1,"luminousworld:bao_bob_wood":1,"minecraft:chain":2,"aether:leather_gloves":1,"minecraft:cornflower":1,"minecraft:iron_axe":1,"minecraft:item_frame":4,"minecraft:beef":13,"minecraft:iron_nugget":5,"minecraft:raw_iron":57,"minecraft:sandstone":2,"luminousworld:blue_petunias":2,"ecologics:coconut_slice":4,"minecraft:stone_pressure_plate":1,"minecraft:dark_oak_planks":1,"mowziesmobs:umvuthana_mask_faith":1,"minecraft:arrow":3,"ecologics:walnut_sign":1,"minecraft:hay_block":11,"tombstone:essence_of_undeath":4,"minecraft:gold_ingot":3,"minecraft:mutton":7,"minecraft:white_wool":1,"born_in_chaos_v1:fused_bone":1,"born_in_chaos_v1:corpse_maggot":3,"luminousworld:ishstone":2,"minecraft:leather":6,"minecraft:acacia_wood":7,"minecraft:oak_log":17,"minecraft:chainmail_chestplate":1,"iceandfire:ectoplasm":1,"minecraft:yellow_bed":14,"minecraft:cobblestone_wall":1,"minecraft:cobblestone_stairs":1,"minecraft:white_banner":1,"minecraft:cooked_mutton":1,"minecraft:apple":4,"born_in_chaos_v1:intoxicating_dagger":1,"mowziesmobs:umvuthana_mask_rage":1,"minecraft:kelp":2,"mowziesmobs:foliaath_seed":4,"minecraft:spruce_wood":1,"minecraft:iron_ingot":5,"tombstone:bag_of_seeds":3,"minecraft:iron_sword":8,"minecraft:acacia_sapling":1,"minecraft:scaffolding":1,"iceandfire:copper_nugget":50,"minecraft:chiseled_stone_bricks":1,"born_in_chaos_v1:ethereal_spirit":3,"minecraft:dandelion":1,"minecraft:dripstone_block":2,"minecraft:torchflower_seeds":2,"minecraft:white_bed":10,"minecraft:slime_ball":1,"minecraft:iron_helmet":4,"minecraft:painting":1,"minecraft:birch_sign":1,"tombstone:magic_scroll":4,"minecraft:coal":87},"minecraft:dropped":{"minecraft:iron_sword":1,"minecraft:acacia_wood":7,"minecraft:leather":5,"minecraft:saddle":1,"minecraft:cod":3,"minecraft:item_frame":3,"minecraft:cobblestone_stairs":1,"minecraft:cyan_terracotta":7,"minecraft:dirt":137,"tombstone:bag_of_seeds":2,"luminousworld:bao_bob_wood":1,"minecraft:cornflower":1,"minecraft:chain":2,"minecraft:wooden_sword":1,"minecraft:sand":6,"minecraft:iron_pickaxe":1,"undead_revamp2:blacpetalblock":2,"minecraft:dark_oak_planks":1,"minecraft:white_wool":1,"minecraft:bone":37,"tombstone:lollipop":4,"minecraft:stone_axe":1,"ecologics:walnut_sign":2,"alexsmobs:animal_dictionary":2,"minecraft:smooth_sandstone_stairs":2,"minecraft:wheat":3,"tombstone:gift":1,"minecraft:rotten_flesh":49,"aether:leather_gloves":1,"minecraft:oak_planks":40,"minecraft:light_gray_carpet":1,"minecraft:azure_bluet":1,"iceandfire:crackled_gravel":2,"iceandfire:shiny_scales":2,"minecraft:chiseled_stone_bricks":1,"supplementaries:flax_seeds":3,"supplementaries:ash":13,"minecraft:charcoal":4,"born_in_chaos_v1:corpse_maggot":3,"ecologics:coconut_husk":4,"minecraft:acacia_sapling":1,"iceandfire:pixie_dust":1,"minecraft:spruce_wood":1,"minecraft:painting":1,"minecraft:arrow":4,"iceandfire:armor_copper_metal_leggings":1,"minecraft:scaffolding":1,"minecraft:iron_ingot":20,"minecraft:water_bucket":1,"minecraft:bread":36,"born_in_chaos_v1:shattered_skull":2,"minecraft:wheat_seeds":271,"luminousworld:ishstone":2,"mowziesmobs:foliaath_seed":4,"iceandfire:armor_copper_metal_chestplate":1,"minecraft:feather":6,"minecraft:iron_helmet":1,"minecraft:cobblestone":29,"minecraft:chainmail_helmet":1,"minecraft:stick":14,"minecraft:cobweb":15,"minecraft:diorite":9,"iceandfire:copper_nugget":50,"minecraft:wooden_hoe":1,"minecraft:wooden_axe":1,"luminousworld:savannah_ground":1,"tombstone:grave_dust":30,"minecraft:iron_leggings":2,"minecraft:string":35,"minecraft:acacia_planks":42,"minecraft:dandelion":2,"minecraft:kelp":2,"luminousworld:bao_bab_sapling":3,"luminousworld:bao_bob_log":4,"minecraft:stone_sword":3,"minecraft:cobblestone_wall":1,"iceandfire:witherbone":1,"minecraft:iron_boots":1,"iceandfire:armor_copper_metal_helmet":1,"earthmobsmod:harder_flesh":1,"minecraft:hay_block":4,"minecraft:spruce_boat":1,"minecraft:iron_chestplate":1,"luminousworld:groundpebbles_1":1,"minecraft:oak_sapling":2,"minecraft:wooden_shovel":2,"minecraft:stone_pressure_plate":1,"minecraft:birch_sign":1,"tombstone:essence_of_undeath":2,"minecraft:brown_carpet":1,"luminousworld:elephant_grass":3,"minecraft:bow":1,"minecraft:stone_pickaxe":1,"minecraft:wooden_pickaxe":1}},"DataVersion":3465}