{"stats":{"minecraft:dropped":{"minecraft:water_bucket":1,"minecraft:stone_axe":1,"luminousworld:bao_bab_sapling":3,"minecraft:stone_sword":2,"alexsmobs:animal_dictionary":2,"tombstone:gift":1,"minecraft:rotten_flesh":17,"minecraft:cobblestone":10,"aether:leather_gloves":1,"minecraft:cod":3,"minecraft:item_frame":2,"minecraft:stick":3,"minecraft:hay_block":4,"luminousworld:bao_bob_wood":1,"minecraft:wooden_hoe":1,"minecraft:charcoal":4,"iceandfire:pixie_dust":1,"minecraft:oak_sapling":1,"minecraft:wooden_sword":1,"minecraft:stone_pressure_plate":1,"minecraft:stone_pickaxe":1,"minecraft:iron_pickaxe":1,"minecraft:bone":1},"minecraft:killed":{"born_in_chaos_v1:zombie_clown":1,"luminousworld:miner_zombie":1,"born_in_chaos_v1:baby_skeleton":1,"minecraft:spider":1,"undead_revamp2:thebeartamer":1,"born_in_chaos_v1:siamese_skeletonsright":1,"born_in_chaos_v1:maggot":3,"born_in_chaos_v1:decrepit_skeleton":2,"minecraft:skeleton":2,"minecraft:zombie":1,"minecraft:bee":3,"born_in_chaos_v1:dread_hound":1,"born_in_chaos_v1:corpse_fly":1,"born_in_chaos_v1:dark_vortex":1},"minecraft:crafted":{"minecraft:wooden_sword":1,"minecraft:oak_planks":24,"minecraft:wooden_shovel":1,"minecraft:cooked_porkchop":2,"minecraft:wooden_pickaxe":1,"minecraft:iron_sword":1,"minecraft:stone_axe":1,"minecraft:bread":49,"minecraft:wooden_hoe":1,"minecraft:iron_axe":1,"minecraft:stick":24,"minecraft:stone_pickaxe":1,"minecraft:iron_ingot":9,"minecraft:iron_pickaxe":1,"minecraft:wooden_axe":1,"minecraft:stone_sword":1,"minecraft:wheat":54},"minecraft:custom":{"minecraft:interact_with_furnace":7,"minecraft:mob_kills":21,"minecraft:interact_with_crafting_table":5,"minecraft:damage_dealt_resisted":465,"minecraft:eat_cake_slice":3,"minecraft:leave_game":4,"minecraft:time_since_death":2412,"minecraft:sleep_in_bed":4,"minecraft:time_since_rest":2268,"minecraft:sprint_one_cm":147632,"minecraft:damage_taken":2369,"minecraft:walk_one_cm":234205,"minecraft:drop":34,"minecraft:damage_dealt":5968,"minecraft:swim_one_cm":8539,"minecraft:fly_one_cm":176336,"minecraft:talked_to_villager":1,"minecraft:open_chest":33,"minecraft:play_time":69981,"minecraft:crouch_one_cm":1675,"tombstone:undead_killed":10,"minecraft:deaths":5,"minecraft:sneak_time":592,"minecraft:walk_under_water_one_cm":2803,"minecraft:jump":1110,"minecraft:walk_on_water_one_cm":3194,"minecraft:total_world_time":69981,"minecraft:fall_one_cm":36430},"minecraft:mined":{"minecraft:acacia_leaves":2,"minecraft:crafting_table":3,"luminousworld:savannah_grass_1":2,"minecraft:granite":1,"luminousworld:bao_bob_wood":2,"minecraft:melon":1,"minecraft:dead_bush":1,"minecraft:campfire":1,"minecraft:tall_grass":1,"friendsandfoes:acacia_beehive":1,"minecraft:diorite":14,"minecraft:hay_block":10,"minecraft:red_terracotta":1,"minecraft:furnace":2,"minecraft:iron_ore":54,"minecraft:wheat":95,"minecraft:andesite":18,"luminousworld:bao_bob_log":3,"minecraft:yellow_bed":6,"minecraft:coal_ore":29,"minecraft:pointed_dripstone":1,"minecraft:oak_log":6,"luminousworld:ishstone":2,"luminousworld:bao_bab_leaves":11,"minecraft:acacia_fence":2,"minecraft:sand":2,"minecraft:dripstone_block":5,"minecraft:brown_terracotta":4,"minecraft:terracotta":3,"minecraft:stone":39,"minecraft:oak_leaves":9},"minecraft:killed_by":{"minecraft:spider":1,"born_in_chaos_v1:scarlet_persecutor":3},"minecraft:used":{"minecraft:stone_sword":52,"minecraft:stone_pickaxe":78,"minecraft:wooden_pickaxe":13,"minecraft:iron_sword":101,"minecraft:wooden_shovel":5,"minecraft:crafting_table":3,"minecraft:dripstone_block":2,"minecraft:wooden_axe":4,"minecraft:bread":25,"minecraft:iron_pickaxe":90,"minecraft:stone_axe":2,"minecraft:wooden_sword":72,"minecraft:cobblestone":15,"minecraft:furnace":1,"minecraft:andesite":18,"tombstone:gift":2,"minecraft:yellow_bed":5},"minecraft:broken":{"minecraft:leather_helmet":1},"minecraft:picked_up":{"minecraft:charcoal":4,"minecraft:crafting_table":3,"minecraft:wheat":86,"minecraft:chainmail_boots":1,"minecraft:andesite":18,"luminousworld:ishstone":2,"minecraft:lead":1,"minecraft:potato":4,"luminousworld:bao_bob_wood":1,"minecraft:oak_log":6,"minecraft:yellow_bed":6,"aether:leather_gloves":1,"minecraft:string":2,"minecraft:item_frame":2,"minecraft:bone":1,"minecraft:wheat_seeds":242,"minecraft:iron_ingot":2,"minecraft:iron_pickaxe":2,"minecraft:melon_slice":5,"minecraft:furnace":2,"luminousworld:bao_bab_sapling":3,"minecraft:stick":7,"minecraft:raw_iron":55,"minecraft:torch":1,"minecraft:dripstone_block":2,"minecraft:porkchop":2,"tombstone:grave_dust":5,"minecraft:diorite":9,"alexsmobs:animal_dictionary":1,"minecraft:stone_pressure_plate":1,"minecraft:stone_sword":1,"minecraft:rotten_flesh":17,"minecraft:hay_block":10,"minecraft:painting":1,"minecraft:gold_ingot":3,"minecraft:emerald":3,"minecraft:oak_sapling":1,"minecraft:coal":30,"minecraft:cobblestone":42}},"DataVersion":3465}