{"stats":{"minecraft:killed":{"born_in_chaos_v1:zombie_clown":1,"luminousworld:miner_zombie":1,"born_in_chaos_v1:restless_spirit":1,"born_in_chaos_v1:zombie_lumberjack":1,"minecraft:spider":1,"born_in_chaos_v1:siamese_skeletonsright":2,"minecraft:skeleton":3,"minecraft:bee":3,"mowziesmobs:umvuthana_crane":4,"minecraft:pig":3,"alexsmobs:seal":1,"undead_revamp2:thebeartamer":1,"minecraft:sheep":4,"luminousworld:savannah_skeleton":1,"minecraft:zombie":6,"born_in_chaos_v1:dread_hound":1,"born_in_chaos_v1:corpse_fly":1,"iceandfire:lightning_dragon":1,"born_in_chaos_v1:siamese_skeletonsleft":1,"minecraft:cow":2,"born_in_chaos_v1:zombie_clown_not_despawn":1,"enemyexpansion:direwolf":3,"born_in_chaos_v1:maggot":6,"undead_revamp2:sucker":2,"mowziesmobs:umvuthana":12,"alexsmobs:guster":4,"earthmobsmod:bouldering_zombie":1,"born_in_chaos_v1:baby_skeleton":3,"undead_revamp2:the_moonflower":4,"minecraft:hoglin":1,"born_in_chaos_v1:decrepit_skeleton":4,"born_in_chaos_v1:dark_vortex":1,"enemyexpansion:huntsman":1,"minecraft:wither_skeleton":4},"minecraft:killed_by":{"undead_revamp2:the_moonflower":2,"minecraft:wither_skeleton":8,"enemyexpansion:slugger":1,"enemyexpansion:huntsman":2,"mowziesmobs:umvuthi":3,"minecraft:vindicator":1,"minecraft:zombie":1,"born_in_chaos_v1:scarlet_persecutor":3,"minecraft:vex":4,"minecraft:spider":1,"enemyexpansion:equestrian":1,"iceandfire:gorgon":2,"minecraft:hoglin":1,"iceandfire:lightning_dragon":3,"iceandfire:ghost":2,"undead_revamp2:thebeartamer":1,"luminousworld:savannah_skeleton":1},"minecraft:mined":{"minecraft:spruce_planks":2,"minecraft:white_bed":6,"minecraft:cobblestone_stairs":1,"minecraft:granite":1,"minecraft:acacia_log":14,"luminousworld:bao_bob_wood":2,"minecraft:grass_block":8,"luminousworld:savanna_grass_2":4,"supplementaries:ash":1,"minecraft:iron_ore":56,"minecraft:fire":1,"minecraft:pointed_dripstone":1,"minecraft:kelp_plant":1,"minecraft:melon":1,"minecraft:dead_bush":1,"minecraft:cobblestone":2,"minecraft:oak_planks":1,"minecraft:wall_torch":1,"minecraft:wheat":231,"luminousworld:bao_bob_log":3,"minecraft:grass":3,"minecraft:oak_log":16,"minecraft:acacia_fence":2,"luminousworld:bao_bab_leaves":11,"minecraft:sand":2,"minecraft:dirt":1,"luminousworld:grassvariant_3":1,"minecraft:netherrack":1,"luminousworld:savannah_grass_4":11,"minecraft:oak_leaves":12,"luminousworld:savannah_ground":8,"minecraft:spruce_fence":1,"minecraft:hay_block":10,"minecraft:furnace":2,"minecraft:andesite":18,"minecraft:stripped_spruce_log":5,"minecraft:vine":1,"minecraft:stone":52,"luminousworld:savannah_soil":2,"minecraft:acacia_leaves":16,"minecraft:scaffolding":2,"minecraft:brown_carpet":1,"minecraft:crafting_table":12,"luminousworld:savannah_grass_1":10,"minecraft:campfire":1,"minecraft:tall_grass":3,"friendsandfoes:acacia_beehive":1,"minecraft:diorite":14,"minecraft:red_terracotta":1,"minecraft:cobblestone_wall":1,"minecraft:yellow_bed":11,"minecraft:coal_ore":30,"luminousworld:ishstone":2,"minecraft:dripstone_block":5,"minecraft:cobweb":29,"minecraft:brown_terracotta":4,"minecraft:terracotta":3,"minecraft:acacia_planks":1,"minecraft:stone_bricks":1,"luminousworld:elephant_grass":5},"minecraft:used":{"minecraft:iron_shovel":16,"minecraft:shield":44,"minecraft:iron_sword":761,"luminousworld:savannah_ground":7,"minecraft:spruce_boat":3,"minecraft:furnace":3,"minecraft:stone_pickaxe":78,"minecraft:oak_planks":1,"minecraft:wooden_pickaxe":13,"minecraft:sandstone":2,"minecraft:dripstone_block":2,"minecraft:bread":99,"tombstone:grave_key":16,"minecraft:wooden_sword":72,"minecraft:andesite":18,"minecraft:stone_sword":52,"tombstone:scroll_of_frost_resistance":1,"minecraft:spruce_planks":7,"minecraft:wooden_shovel":8,"minecraft:torch":1,"minecraft:wooden_axe":4,"minecraft:iron_axe":72,"luminousworld:savannah_soil":2,"tombstone:gift":2,"minecraft:acacia_planks":2,"minecraft:cooked_mutton":1,"minecraft:water_bucket":64,"minecraft:crafting_table":13,"minecraft:white_bed":7,"minecraft:oak_log":1,"tombstone:bag_of_seeds":2,"minecraft:iron_pickaxe":114,"minecraft:stone_axe":2,"minecraft:cobblestone":16,"minecraft:bucket":65,"minecraft:yellow_bed":11},"minecraft:crafted":{"minecraft:oak_planks":64,"minecraft:cooked_chicken":1,"minecraft:cooked_rabbit":1,"minecraft:wooden_shovel":1,"minecraft:cooked_porkchop":2,"minecraft:crafting_table":2,"minecraft:spruce_planks":12,"minecraft:wooden_pickaxe":1,"minecraft:wooden_hoe":1,"minecraft:shield":1,"minecraft:stick":28,"minecraft:iron_ingot":15,"minecraft:iron_pickaxe":1,"minecraft:stone_sword":1,"minecraft:wooden_sword":1,"minecraft:furnace":1,"minecraft:iron_axe":1,"minecraft:stone_pickaxe":1,"minecraft:spruce_boat":2,"minecraft:dark_oak_planks":4,"minecraft:wheat":54,"minecraft:iron_sword":3,"minecraft:bucket":1,"minecraft:stone_axe":1,"minecraft:bread":83,"minecraft:wooden_axe":1,"minecraft:iron_shovel":1,"minecraft:acacia_planks":56},"minecraft:broken":{"minecraft:diamond_helmet":1,"minecraft:chainmail_boots":1,"minecraft:chainmail_chestplate":1,"minecraft:iron_sword":2,"mowziesmobs:umvuthana_mask_bliss":1,"minecraft:leather_helmet":1,"minecraft:leather_chestplate":1,"aether:leather_gloves":1},"minecraft:custom":{"minecraft:interact_with_crafting_table":20,"minecraft:open_barrel":9,"minecraft:eat_cake_slice":3,"minecraft:leave_game":14,"minecraft:time_since_death":5914,"minecraft:damage_resisted":4,"minecraft:sprint_one_cm":604691,"minecraft:damage_blocked_by_shield":965,"minecraft:drop":120,"minecraft:talked_to_villager":5,"minecraft:play_time":223784,"minecraft:deaths":41,"minecraft:jump":3980,"minecraft:interact_with_brewingstand":1,"minecraft:walk_on_water_one_cm":29302,"minecraft:interact_with_furnace":19,"minecraft:interact_with_cartography_table":1,"minecraft:sleep_in_bed":14,"minecraft:damage_dealt":22995,"minecraft:player_kills":1,"minecraft:crouch_one_cm":3841,"tombstone:undead_killed":37,"minecraft:mob_kills":90,"minecraft:damage_dealt_resisted":1963,"minecraft:climb_one_cm":5484,"minecraft:walk_one_cm":751988,"minecraft:sneak_time":1312,"minecraft:walk_under_water_one_cm":56636,"minecraft:boat_one_cm":227835,"minecraft:total_world_time":223784,"minecraft:time_since_rest":3908,"minecraft:damage_taken":2147483647,"minecraft:trigger_trapped_chest":2,"tombstone:cast_on_ally":0,"minecraft:swim_one_cm":51156,"minecraft:fly_one_cm":750514,"minecraft:open_chest":77,"minecraft:fall_one_cm":137840},"minecraft:picked_up":{"minecraft:iron_chestplate":4,"minecraft:wheat":187,"minecraft:chainmail_boots":1,"minecraft:lead":1,"minecraft:string":35,"minecraft:iron_leggings":5,"minecraft:armor_stand":4,"minecraft:spruce_planks":3,"minecraft:wooden_shovel":1,"minecraft:iron_pickaxe":2,"minecraft:melon_slice":5,"minecraft:furnace":2,"minecraft:iron_boots":4,"luminousworld:bao_bab_sapling":3,"minecraft:stick":7,"born_in_chaos_v1:shattered_skull":2,"minecraft:acacia_log":14,"minecraft:torch":6,"luminousworld:savannah_soil":2,"minecraft:porkchop":17,"tombstone:grave_dust":22,"minecraft:diorite":9,"tombstone:lollipop":4,"minecraft:brown_carpet":1,"minecraft:stone_sword":1,"minecraft:rotten_flesh":41,"supplementaries:ash":10,"minecraft:cobblestone":54,"luminousworld:savannah_ground":10,"minecraft:feather":3,"minecraft:andesite":18,"minecraft:potato":4,"supplementaries:flax_seeds":3,"minecraft:bone":18,"minecraft:bow":2,"minecraft:wheat_seeds":267,"luminousworld:elephant_grass":3,"minecraft:rabbit":1,"minecraft:diamond_helmet":1,"minecraft:oak_planks":1,"earthmobsmod:harder_flesh":1,"minecraft:sand":6,"iceandfire:shiny_scales":1,"minecraft:stripped_spruce_log":3,"minecraft:dark_oak_log":1,"alexsmobs:animal_dictionary":1,"minecraft:bundle":1,"minecraft:spruce_boat":2,"minecraft:emerald":3,"minecraft:chainmail_helmet":1,"minecraft:bread":19,"minecraft:light_gray_carpet":1,"minecraft:oak_sapling":1,"minecraft:netherrack":1,"luminousworld:groundpebbles_1":1,"minecraft:charcoal":4,"minecraft:crafting_table":12,"iceandfire:witherbone":4,"minecraft:chicken":1,"luminousworld:bao_bob_wood":1,"aether:leather_gloves":1,"minecraft:iron_axe":1,"minecraft:item_frame":4,"minecraft:beef":2,"minecraft:iron_nugget":5,"minecraft:raw_iron":57,"minecraft:sandstone":2,"luminousworld:blue_petunias":2,"ecologics:coconut_slice":4,"minecraft:stone_pressure_plate":1,"minecraft:arrow":3,"minecraft:hay_block":10,"tombstone:essence_of_undeath":3,"minecraft:gold_ingot":3,"minecraft:mutton":7,"minecraft:white_wool":1,"born_in_chaos_v1:fused_bone":1,"born_in_chaos_v1:corpse_maggot":3,"luminousworld:ishstone":2,"minecraft:leather":1,"minecraft:oak_log":17,"minecraft:chainmail_chestplate":1,"minecraft:yellow_bed":12,"minecraft:cobblestone_wall":1,"minecraft:cobblestone_stairs":1,"minecraft:white_banner":1,"minecraft:cooked_mutton":1,"born_in_chaos_v1:intoxicating_dagger":1,"mowziesmobs:umvuthana_mask_rage":1,"minecraft:kelp":2,"mowziesmobs:foliaath_seed":4,"minecraft:iron_ingot":5,"tombstone:bag_of_seeds":3,"minecraft:iron_sword":7,"minecraft:acacia_sapling":1,"minecraft:scaffolding":1,"minecraft:chiseled_stone_bricks":1,"born_in_chaos_v1:ethereal_spirit":2,"minecraft:dripstone_block":2,"minecraft:torchflower_seeds":2,"minecraft:white_bed":7,"minecraft:iron_helmet":4,"minecraft:painting":1,"tombstone:magic_scroll":1,"minecraft:coal":36},"minecraft:dropped":{"minecraft:iron_sword":1,"minecraft:leather":1,"minecraft:saddle":1,"minecraft:cod":3,"minecraft:item_frame":3,"minecraft:cobblestone_stairs":1,"tombstone:bag_of_seeds":2,"luminousworld:bao_bob_wood":1,"minecraft:wooden_sword":1,"minecraft:iron_pickaxe":1,"undead_revamp2:blacpetalblock":1,"minecraft:white_wool":1,"minecraft:bone":1,"tombstone:lollipop":4,"minecraft:stone_axe":1,"alexsmobs:animal_dictionary":2,"minecraft:wheat":3,"tombstone:gift":1,"minecraft:rotten_flesh":35,"minecraft:oak_planks":40,"aether:leather_gloves":1,"iceandfire:shiny_scales":2,"supplementaries:flax_seeds":3,"supplementaries:ash":11,"minecraft:charcoal":4,"iceandfire:pixie_dust":1,"minecraft:acacia_sapling":1,"minecraft:painting":1,"minecraft:bread":36,"minecraft:water_bucket":1,"born_in_chaos_v1:shattered_skull":2,"minecraft:wheat_seeds":268,"luminousworld:ishstone":2,"minecraft:feather":3,"minecraft:iron_helmet":1,"minecraft:cobblestone":21,"minecraft:stick":11,"minecraft:diorite":9,"minecraft:wooden_hoe":1,"minecraft:wooden_axe":1,"luminousworld:savannah_ground":1,"tombstone:grave_dust":10,"minecraft:iron_leggings":1,"minecraft:acacia_planks":28,"luminousworld:bao_bab_sapling":3,"minecraft:stone_sword":2,"minecraft:cobblestone_wall":1,"iceandfire:witherbone":1,"minecraft:iron_boots":1,"earthmobsmod:harder_flesh":1,"minecraft:hay_block":4,"minecraft:spruce_boat":1,"minecraft:iron_chestplate":1,"luminousworld:groundpebbles_1":1,"minecraft:oak_sapling":1,"minecraft:wooden_shovel":2,"minecraft:stone_pressure_plate":1,"tombstone:essence_of_undeath":1,"minecraft:brown_carpet":1,"luminousworld:elephant_grass":3,"minecraft:stone_pickaxe":1,"minecraft:wooden_pickaxe":1}},"DataVersion":3465}