{"stats":{"minecraft:crafted":{"minecraft:wooden_sword":1,"minecraft:oak_planks":64,"minecraft:cooked_chicken":1,"minecraft:furnace":1,"minecraft:iron_axe":1,"minecraft:stone_pickaxe":1,"minecraft:spruce_boat":1,"minecraft:dark_oak_planks":4,"minecraft:cooked_rabbit":1,"minecraft:wheat":54,"minecraft:wooden_shovel":1,"minecraft:cooked_porkchop":2,"minecraft:crafting_table":2,"minecraft:spruce_planks":12,"minecraft:wooden_pickaxe":1,"minecraft:iron_sword":3,"minecraft:bucket":1,"minecraft:stone_axe":1,"minecraft:bread":83,"minecraft:wooden_hoe":1,"minecraft:shield":1,"minecraft:stick":28,"minecraft:iron_ingot":15,"minecraft:iron_pickaxe":1,"minecraft:wooden_axe":1,"minecraft:stone_sword":1,"minecraft:iron_shovel":1,"minecraft:acacia_planks":56},"minecraft:killed_by":{"undead_revamp2:the_moonflower":2,"minecraft:wither_skeleton":8,"minecraft:spider":1,"enemyexpansion:huntsman":2,"minecraft:vindicator":1,"minecraft:hoglin":1,"born_in_chaos_v1:scarlet_persecutor":3,"iceandfire:ghost":2,"minecraft:vex":4,"luminousworld:savannah_skeleton":1},"minecraft:used":{"minecraft:stone_sword":52,"minecraft:iron_shovel":8,"tombstone:scroll_of_frost_resistance":1,"minecraft:spruce_planks":7,"minecraft:shield":36,"minecraft:iron_sword":535,"minecraft:wooden_shovel":8,"luminousworld:savannah_ground":7,"minecraft:torch":1,"minecraft:spruce_boat":2,"minecraft:wooden_axe":4,"minecraft:iron_axe":64,"luminousworld:savannah_soil":2,"minecraft:furnace":3,"tombstone:gift":2,"minecraft:acacia_planks":2,"minecraft:water_bucket":57,"minecraft:oak_planks":1,"minecraft:stone_pickaxe":78,"minecraft:wooden_pickaxe":13,"minecraft:sandstone":2,"minecraft:crafting_table":11,"minecraft:white_bed":2,"minecraft:dripstone_block":2,"tombstone:bag_of_seeds":2,"minecraft:oak_log":1,"minecraft:iron_pickaxe":104,"tombstone:grave_key":15,"minecraft:bread":73,"minecraft:stone_axe":2,"minecraft:wooden_sword":72,"minecraft:cobblestone":16,"minecraft:andesite":18,"minecraft:bucket":58,"minecraft:yellow_bed":9},"minecraft:mined":{"minecraft:spruce_planks":2,"minecraft:white_bed":2,"minecraft:granite":1,"minecraft:acacia_log":14,"luminousworld:bao_bob_wood":2,"minecraft:spruce_fence":1,"luminousworld:savanna_grass_2":3,"minecraft:hay_block":10,"minecraft:furnace":2,"supplementaries:ash":1,"minecraft:iron_ore":54,"minecraft:fire":1,"minecraft:andesite":18,"minecraft:stripped_spruce_log":5,"minecraft:pointed_dripstone":1,"minecraft:vine":1,"minecraft:stone":50,"luminousworld:savannah_soil":2,"minecraft:acacia_leaves":16,"minecraft:scaffolding":1,"minecraft:crafting_table":10,"luminousworld:savannah_grass_1":4,"minecraft:melon":1,"minecraft:dead_bush":1,"minecraft:campfire":1,"minecraft:tall_grass":1,"minecraft:cobblestone":1,"friendsandfoes:acacia_beehive":1,"minecraft:oak_planks":1,"minecraft:wall_torch":1,"minecraft:diorite":14,"minecraft:red_terracotta":1,"minecraft:wheat":231,"luminousworld:bao_bob_log":3,"minecraft:yellow_bed":8,"minecraft:grass":1,"minecraft:coal_ore":29,"minecraft:oak_log":16,"luminousworld:ishstone":2,"luminousworld:bao_bab_leaves":11,"minecraft:acacia_fence":2,"minecraft:sand":2,"minecraft:dripstone_block":5,"minecraft:cobweb":1,"minecraft:brown_terracotta":4,"minecraft:terracotta":3,"minecraft:acacia_planks":1,"luminousworld:elephant_grass":2,"luminousworld:savannah_grass_4":5,"minecraft:oak_leaves":12,"luminousworld:savannah_ground":8},"minecraft:broken":{"minecraft:leather_helmet":1,"minecraft:leather_chestplate":1,"minecraft:iron_sword":1,"aether:leather_gloves":1},"minecraft:picked_up":{"minecraft:chicken":1,"minecraft:charcoal":4,"minecraft:crafting_table":10,"minecraft:wheat":187,"minecraft:chainmail_boots":1,"iceandfire:witherbone":4,"minecraft:lead":1,"luminousworld:bao_bob_wood":1,"aether:leather_gloves":1,"minecraft:string":7,"minecraft:iron_axe":1,"minecraft:item_frame":3,"minecraft:spruce_planks":3,"minecraft:beef":2,"minecraft:iron_nugget":5,"minecraft:wooden_shovel":1,"minecraft:iron_pickaxe":2,"minecraft:melon_slice":5,"minecraft:furnace":2,"luminousworld:bao_bab_sapling":3,"minecraft:stick":7,"minecraft:raw_iron":55,"minecraft:sandstone":2,"born_in_chaos_v1:shattered_skull":2,"ecologics:coconut_slice":4,"minecraft:torch":6,"minecraft:acacia_log":14,"luminousworld:savannah_soil":2,"minecraft:porkchop":17,"tombstone:grave_dust":14,"minecraft:diorite":9,"minecraft:stone_pressure_plate":1,"tombstone:lollipop":4,"minecraft:stone_sword":1,"minecraft:arrow":3,"minecraft:rotten_flesh":41,"minecraft:hay_block":10,"minecraft:gold_ingot":3,"tombstone:essence_of_undeath":3,"supplementaries:ash":10,"minecraft:mutton":6,"minecraft:white_wool":1,"minecraft:cobblestone":53,"born_in_chaos_v1:corpse_maggot":3,"luminousworld:savannah_ground":10,"minecraft:andesite":18,"luminousworld:ishstone":2,"minecraft:leather":1,"minecraft:potato":4,"minecraft:oak_log":17,"minecraft:chainmail_chestplate":1,"supplementaries:flax_seeds":3,"minecraft:yellow_bed":9,"minecraft:bone":18,"born_in_chaos_v1:intoxicating_dagger":1,"mowziesmobs:foliaath_seed":4,"minecraft:wheat_seeds":266,"minecraft:iron_ingot":5,"tombstone:bag_of_seeds":3,"minecraft:rabbit":1,"minecraft:diamond_helmet":1,"minecraft:iron_sword":5,"minecraft:oak_planks":1,"minecraft:acacia_sapling":1,"minecraft:chiseled_stone_bricks":1,"born_in_chaos_v1:ethereal_spirit":2,"minecraft:dripstone_block":2,"minecraft:torchflower_seeds":2,"iceandfire:shiny_scales":1,"minecraft:sand":6,"minecraft:stripped_spruce_log":3,"minecraft:white_bed":3,"minecraft:dark_oak_log":1,"alexsmobs:animal_dictionary":1,"minecraft:bundle":1,"minecraft:spruce_boat":2,"minecraft:painting":1,"minecraft:chainmail_helmet":1,"minecraft:bread":18,"minecraft:emerald":3,"minecraft:oak_sapling":1,"minecraft:light_gray_carpet":1,"minecraft:coal":35},"minecraft:dropped":{"minecraft:water_bucket":1,"minecraft:bread":18,"minecraft:iron_sword":1,"born_in_chaos_v1:shattered_skull":2,"minecraft:wheat_seeds":268,"luminousworld:ishstone":2,"minecraft:cobblestone":21,"minecraft:leather":1,"minecraft:saddle":1,"minecraft:stick":11,"minecraft:cod":3,"minecraft:item_frame":3,"tombstone:bag_of_seeds":2,"luminousworld:bao_bob_wood":1,"minecraft:diorite":9,"minecraft:wooden_hoe":1,"luminousworld:savannah_ground":1,"minecraft:wooden_axe":1,"tombstone:grave_dust":10,"minecraft:wooden_sword":1,"minecraft:iron_pickaxe":1,"undead_revamp2:blacpetalblock":1,"minecraft:white_wool":1,"minecraft:acacia_planks":28,"minecraft:bone":1,"tombstone:lollipop":4,"minecraft:stone_axe":1,"luminousworld:bao_bab_sapling":3,"minecraft:stone_sword":2,"alexsmobs:animal_dictionary":2,"minecraft:wheat":3,"tombstone:gift":1,"iceandfire:witherbone":1,"minecraft:rotten_flesh":35,"aether:leather_gloves":1,"minecraft:oak_planks":40,"iceandfire:shiny_scales":2,"supplementaries:flax_seeds":3,"supplementaries:ash":10,"minecraft:hay_block":4,"minecraft:spruce_boat":1,"minecraft:charcoal":4,"minecraft:wooden_shovel":2,"minecraft:acacia_sapling":1,"iceandfire:pixie_dust":1,"minecraft:oak_sapling":1,"minecraft:stone_pressure_plate":1,"tombstone:essence_of_undeath":1,"minecraft:painting":1,"minecraft:stone_pickaxe":1,"minecraft:wooden_pickaxe":1},"minecraft:custom":{"minecraft:mob_kills":52,"minecraft:interact_with_crafting_table":17,"minecraft:open_barrel":9,"minecraft:damage_dealt_resisted":1810,"minecraft:eat_cake_slice":3,"minecraft:leave_game":13,"minecraft:time_since_death":9508,"minecraft:climb_one_cm":3737,"minecraft:sprint_one_cm":405999,"minecraft:walk_one_cm":552626,"minecraft:damage_blocked_by_shield":935,"minecraft:drop":90,"minecraft:talked_to_villager":3,"minecraft:play_time":174287,"minecraft:deaths":29,"minecraft:sneak_time":1254,"minecraft:walk_under_water_one_cm":53330,"minecraft:boat_one_cm":71596,"minecraft:interact_with_brewingstand":1,"minecraft:jump":2990,"minecraft:walk_on_water_one_cm":16950,"minecraft:total_world_time":174287,"minecraft:interact_with_furnace":17,"minecraft:sleep_in_bed":8,"minecraft:time_since_rest":7409,"minecraft:damage_taken":12911,"minecraft:trigger_trapped_chest":2,"minecraft:damage_dealt":16439,"tombstone:cast_on_ally":0,"minecraft:player_kills":1,"minecraft:swim_one_cm":36459,"minecraft:fly_one_cm":581044,"minecraft:open_chest":64,"minecraft:crouch_one_cm":3840,"tombstone:undead_killed":24,"minecraft:fall_one_cm":115071},"minecraft:killed":{"luminousworld:miner_zombie":1,"born_in_chaos_v1:zombie_clown":1,"born_in_chaos_v1:zombie_lumberjack":1,"born_in_chaos_v1:restless_spirit":1,"born_in_chaos_v1:zombie_clown_not_despawn":1,"minecraft:spider":1,"enemyexpansion:direwolf":1,"born_in_chaos_v1:siamese_skeletonsright":1,"born_in_chaos_v1:maggot":3,"minecraft:skeleton":2,"minecraft:bee":3,"alexsmobs:guster":4,"minecraft:pig":3,"born_in_chaos_v1:baby_skeleton":3,"undead_revamp2:the_moonflower":4,"undead_revamp2:thebeartamer":1,"minecraft:hoglin":1,"born_in_chaos_v1:decrepit_skeleton":2,"minecraft:sheep":4,"luminousworld:savannah_skeleton":1,"minecraft:zombie":1,"born_in_chaos_v1:dread_hound":1,"born_in_chaos_v1:corpse_fly":1,"enemyexpansion:huntsman":1,"born_in_chaos_v1:dark_vortex":1,"minecraft:wither_skeleton":4,"minecraft:cow":2}},"DataVersion":3465}