{"stats":{"minecraft:dropped":{"minecraft:water_bucket":1,"minecraft:wheat_seeds":128,"luminousworld:ishstone":2,"minecraft:cobblestone":10,"minecraft:stick":3,"minecraft:cod":3,"minecraft:item_frame":2,"luminousworld:bao_bob_wood":1,"minecraft:diorite":9,"minecraft:wooden_hoe":1,"tombstone:grave_dust":5,"minecraft:wooden_sword":1,"minecraft:iron_pickaxe":1,"minecraft:white_wool":1,"minecraft:bone":1,"minecraft:stone_axe":1,"luminousworld:bao_bab_sapling":3,"minecraft:stone_sword":2,"alexsmobs:animal_dictionary":2,"minecraft:wheat":2,"tombstone:gift":1,"minecraft:rotten_flesh":17,"aether:leather_gloves":1,"iceandfire:shiny_scales":2,"minecraft:hay_block":4,"minecraft:charcoal":4,"minecraft:oak_sapling":1,"iceandfire:pixie_dust":1,"minecraft:stone_pressure_plate":1,"minecraft:painting":1,"minecraft:stone_pickaxe":1},"minecraft:killed":{"luminousworld:miner_zombie":1,"born_in_chaos_v1:zombie_clown":1,"minecraft:spider":1,"born_in_chaos_v1:siamese_skeletonsright":1,"born_in_chaos_v1:maggot":3,"minecraft:skeleton":2,"minecraft:bee":3,"minecraft:pig":3,"born_in_chaos_v1:baby_skeleton":2,"undead_revamp2:thebeartamer":1,"born_in_chaos_v1:decrepit_skeleton":2,"minecraft:sheep":4,"minecraft:zombie":1,"born_in_chaos_v1:dread_hound":1,"born_in_chaos_v1:corpse_fly":1,"born_in_chaos_v1:dark_vortex":1,"minecraft:cow":2},"minecraft:crafted":{"minecraft:wooden_sword":1,"minecraft:oak_planks":24,"minecraft:cooked_chicken":1,"minecraft:iron_axe":1,"minecraft:stone_pickaxe":1,"minecraft:cooked_rabbit":1,"minecraft:wheat":54,"minecraft:wooden_shovel":1,"minecraft:cooked_porkchop":2,"minecraft:crafting_table":1,"minecraft:wooden_pickaxe":1,"minecraft:iron_sword":1,"minecraft:stone_axe":1,"minecraft:bread":62,"minecraft:wooden_hoe":1,"minecraft:stick":24,"minecraft:iron_ingot":9,"minecraft:iron_pickaxe":1,"minecraft:wooden_axe":1,"minecraft:stone_sword":1,"minecraft:acacia_planks":16},"minecraft:custom":{"minecraft:mob_kills":31,"minecraft:interact_with_crafting_table":7,"minecraft:damage_dealt_resisted":465,"minecraft:eat_cake_slice":3,"minecraft:leave_game":4,"minecraft:time_since_death":14412,"minecraft:sprint_one_cm":197569,"minecraft:walk_one_cm":278221,"minecraft:drop":44,"minecraft:talked_to_villager":3,"minecraft:play_time":81981,"minecraft:deaths":5,"minecraft:sneak_time":604,"minecraft:walk_under_water_one_cm":2803,"minecraft:jump":1287,"minecraft:walk_on_water_one_cm":3270,"minecraft:total_world_time":81981,"minecraft:interact_with_furnace":13,"minecraft:sleep_in_bed":4,"minecraft:time_since_rest":14268,"minecraft:damage_taken":2530,"minecraft:damage_dealt":6927,"minecraft:swim_one_cm":8539,"minecraft:fly_one_cm":211898,"minecraft:open_chest":49,"minecraft:crouch_one_cm":2004,"tombstone:undead_killed":11,"minecraft:fall_one_cm":41181},"minecraft:mined":{"minecraft:granite":1,"minecraft:acacia_log":4,"luminousworld:bao_bob_wood":2,"luminousworld:savanna_grass_2":2,"minecraft:hay_block":10,"minecraft:furnace":2,"minecraft:iron_ore":54,"minecraft:andesite":18,"minecraft:pointed_dripstone":1,"minecraft:stone":39,"minecraft:acacia_leaves":4,"minecraft:scaffolding":1,"minecraft:crafting_table":4,"luminousworld:savannah_grass_1":3,"minecraft:melon":1,"minecraft:dead_bush":1,"minecraft:campfire":1,"minecraft:tall_grass":1,"friendsandfoes:acacia_beehive":1,"minecraft:diorite":14,"minecraft:red_terracotta":1,"minecraft:wheat":136,"luminousworld:bao_bob_log":3,"minecraft:yellow_bed":7,"minecraft:oak_log":6,"minecraft:coal_ore":29,"luminousworld:ishstone":2,"minecraft:dripstone_block":5,"minecraft:acacia_fence":2,"luminousworld:bao_bab_leaves":11,"minecraft:sand":2,"minecraft:brown_terracotta":4,"minecraft:terracotta":3,"luminousworld:elephant_grass":1,"luminousworld:savannah_grass_4":3,"minecraft:oak_leaves":9},"minecraft:killed_by":{"minecraft:spider":1,"born_in_chaos_v1:scarlet_persecutor":3},"minecraft:used":{"minecraft:stone_sword":52,"minecraft:iron_sword":172,"minecraft:wooden_shovel":5,"minecraft:wooden_axe":4,"minecraft:iron_axe":6,"minecraft:furnace":2,"tombstone:gift":2,"minecraft:stone_pickaxe":78,"minecraft:wooden_pickaxe":13,"minecraft:crafting_table":4,"minecraft:dripstone_block":2,"minecraft:bread":28,"minecraft:iron_pickaxe":90,"minecraft:stone_axe":2,"minecraft:wooden_sword":72,"minecraft:cobblestone":15,"minecraft:andesite":18,"minecraft:yellow_bed":6},"minecraft:broken":{"minecraft:leather_helmet":1,"aether:leather_gloves":1},"minecraft:picked_up":{"minecraft:charcoal":4,"minecraft:crafting_table":4,"minecraft:wheat":124,"minecraft:chainmail_boots":1,"minecraft:chicken":1,"minecraft:lead":1,"luminousworld:bao_bob_wood":1,"aether:leather_gloves":1,"minecraft:string":2,"minecraft:item_frame":3,"minecraft:beef":2,"minecraft:iron_pickaxe":2,"minecraft:melon_slice":5,"minecraft:furnace":2,"luminousworld:bao_bab_sapling":3,"minecraft:raw_iron":55,"minecraft:stick":7,"minecraft:torch":5,"minecraft:acacia_log":4,"minecraft:porkchop":7,"tombstone:grave_dust":5,"minecraft:diorite":9,"minecraft:stone_pressure_plate":1,"minecraft:stone_sword":1,"minecraft:rotten_flesh":17,"minecraft:hay_block":10,"minecraft:gold_ingot":3,"minecraft:mutton":6,"minecraft:cobblestone":42,"minecraft:white_wool":1,"minecraft:andesite":18,"luminousworld:ishstone":2,"minecraft:potato":4,"minecraft:oak_log":6,"minecraft:yellow_bed":7,"minecraft:bone":1,"minecraft:wheat_seeds":254,"minecraft:iron_ingot":3,"minecraft:rabbit":1,"minecraft:dripstone_block":2,"iceandfire:shiny_scales":1,"alexsmobs:animal_dictionary":1,"minecraft:painting":1,"minecraft:emerald":3,"minecraft:oak_sapling":1,"minecraft:coal":30}},"DataVersion":3465}